order_id,customer_id,product_id,quantity,payment_method,order_date
1,476,7,3,Net Banking,2025-06-05
2,100,14,3,Net Banking,2024-12-07
3,24,2,3,Cash,2026-04-01
4,918,10,4,UPI,2024-10-25
5,530,14,4,UPI,2025-08-29
6,180,4,1,Net Banking,2025-10-12
7,626,15,1,Net Banking,2026-06-13
8,460,14,1,Net Banking,2025-09-07
9,730,3,4,Card,2025-10-26
10,405,8,2,Net Banking,2024-11-18
11,221,5,1,Net Banking,2025-02-27
12,494,16,5,Net Banking,2024-10-26
13,639,3,1,Card,2024-12-23
14,823,15,1,Card,2025-07-28
15,477,14,4,Card,2026-01-11
16,60,14,3,Cash,2025-12-31
17,461,2,3,Cash,2024-09-03
18,124,15,4,Card,2025-04-12
19,138,3,3,Card,2025-12-18
20,902,2,1,Net Banking,2024-08-07
21,400,9,1,Net Banking,2025-04-11
22,125,14,4,Card,2025-03-05
23,208,4,1,UPI,2025-03-20
24,1,10,1,UPI,2025-11-19
25,298,14,4,Net Banking,2024-08-26
26,126,11,2,UPI,2025-07-01
27,555,1,1,Cash,2025-10-28
28,336,6,5,UPI,2024-11-16
29,625,8,3,Net Banking,2026-02-27
30,661,9,5,Net Banking,2025-06-19
31,276,2,3,Cash,2026-02-08
32,782,3,2,Cash,2025-11-21
33,658,10,5,UPI,2025-02-10
34,489,7,4,UPI,2024-08-13
35,709,13,5,Net Banking,2026-04-02
36,691,1,5,Cash,2025-03-02
37,482,6,1,UPI,2025-02-12
38,973,13,2,Card,2025-11-06
39,319,2,2,Card,2025-08-21
40,252,10,5,Cash,2024-08-28
41,878,9,3,Card,2026-05-31
42,480,7,5,Net Banking,2025-12-14
43,147,1,1,Cash,2024-11-07
44,888,10,5,Net Banking,2026-02-14
45,615,10,1,UPI,2026-03-10
46,256,12,5,Card,2025-06-15
47,9,6,5,Net Banking,2024-09-11
48,534,3,1,UPI,2026-03-26
49,196,2,4,Cash,2026-06-06
50,288,12,4,Net Banking,2026-01-15
51,669,11,1,UPI,2025-10-21
52,16,9,4,Net Banking,2025-04-15
53,635,2,1,Cash,2025-09-08
54,465,6,3,UPI,2025-10-01
55,442,13,1,Net Banking,2024-11-05
56,358,4,4,Cash,2025-06-09
57,629,7,1,Card,2026-03-09
58,356,7,3,UPI,2025-08-04
59,511,13,1,Net Banking,2025-09-26
60,952,16,2,UPI,2025-06-19
61,690,4,4,Cash,2025-11-15
62,696,10,4,Net Banking,2026-05-20
63,84,16,5,Card,2025-11-21
64,753,4,5,Cash,2026-05-18
65,179,9,5,Card,2025-07-19
66,468,2,4,Net Banking,2026-05-18
67,405,15,3,UPI,2025-03-14
68,832,1,5,UPI,2026-02-07
69,685,4,5,UPI,2024-10-31
70,731,1,1,Net Banking,2025-03-24
71,963,2,4,Cash,2024-09-30
72,438,8,3,Card,2025-01-12
73,266,13,2,UPI,2024-12-21
74,718,5,2,UPI,2024-10-20
75,771,1,5,UPI,2025-12-01
76,571,11,2,Card,2025-10-31
77,707,6,1,UPI,2026-05-06
78,863,12,3,Net Banking,2025-09-16
79,807,10,3,Card,2026-05-15
80,625,9,3,UPI,2025-11-30
81,770,6,1,UPI,2024-10-27
82,233,13,1,Net Banking,2024-11-20
83,541,16,1,Card,2025-10-17
84,972,4,3,UPI,2025-06-08
85,331,14,2,UPI,2026-04-11
86,716,6,1,Card,2024-10-26
87,566,6,3,Cash,2025-10-20
88,743,9,2,UPI,2024-10-23
89,612,8,5,UPI,2025-03-28
90,270,16,2,Card,2025-07-20
91,163,14,5,UPI,2024-07-30
92,327,3,4,Net Banking,2024-08-14
93,834,11,5,UPI,2025-08-16
94,439,6,3,Card,2025-06-05
95,291,15,3,Net Banking,2025-01-21
96,868,12,3,Card,2025-05-30
97,338,8,5,UPI,2025-06-21
98,185,4,5,Cash,2025-09-15
99,575,3,2,UPI,2026-06-04
100,523,3,5,Cash,2025-12-03
101,83,1,4,UPI,2024-11-04
102,455,3,3,Net Banking,2025-10-11
103,768,10,4,Cash,2026-03-05
104,144,10,2,Cash,2026-04-15
105,197,15,5,Card,2025-07-04
106,337,5,3,Card,2025-06-07
107,141,8,4,UPI,2025-12-22
108,326,9,4,Card,2026-05-22
109,1,1,1,Card,2025-04-07
110,882,10,4,Cash,2024-09-16
111,777,7,5,Cash,2025-08-13
112,992,5,1,Cash,2025-02-04
113,777,2,1,Card,2024-12-24
114,588,15,4,Net Banking,2025-10-05
115,400,15,5,UPI,2025-06-13
116,124,8,5,Cash,2025-04-07
117,734,12,5,Net Banking,2025-01-13
118,632,2,4,Card,2026-04-25
119,182,2,4,Net Banking,2025-07-25
120,203,10,2,Card,2024-08-02
121,9,15,3,Cash,2025-07-12
122,599,5,2,Cash,2025-06-25
123,731,1,2,Cash,2025-07-02
124,982,4,4,Cash,2024-07-17
125,219,6,3,Cash,2025-11-25
126,541,6,3,UPI,2024-10-24
127,23,15,4,UPI,2026-06-18
128,468,14,5,UPI,2024-08-13
129,404,11,5,Card,2025-03-20
130,643,14,4,UPI,2026-03-09
131,93,8,5,Cash,2025-01-22
132,348,3,5,Net Banking,2024-08-06
133,144,10,5,Net Banking,2025-08-20
134,882,6,3,Card,2025-04-02
135,215,8,2,Net Banking,2026-06-01
136,357,2,2,Net Banking,2026-03-17
137,627,3,1,Card,2025-12-18
138,303,7,3,UPI,2025-04-01
139,63,5,2,Cash,2025-02-27
140,783,9,5,Card,2025-03-26
141,686,10,1,Cash,2026-04-20
142,998,1,4,Card,2024-08-25
143,330,13,2,Card,2024-10-08
144,836,1,5,Cash,2025-07-31
145,316,12,5,Net Banking,2026-06-01
146,83,1,3,Cash,2024-12-07
147,572,16,3,Card,2025-01-31
148,897,7,2,UPI,2024-10-27
149,528,7,1,UPI,2025-02-20
150,802,5,5,UPI,2025-03-02
151,699,4,5,Net Banking,2026-03-12
152,886,15,2,Card,2025-06-29
153,660,13,2,Cash,2024-10-12
154,524,6,3,UPI,2024-09-14
155,747,1,1,Net Banking,2025-05-05
156,966,8,1,UPI,2024-08-15
157,732,9,3,Cash,2026-01-15
158,480,4,2,Net Banking,2024-06-28
159,127,11,5,UPI,2024-12-31
160,902,10,5,UPI,2024-10-02
161,813,9,5,UPI,2025-12-05
162,75,8,5,Card,2026-05-25
163,227,4,5,Cash,2024-07-04
164,490,8,4,Card,2025-09-18
165,463,3,4,Net Banking,2026-06-09
166,748,11,3,Card,2024-07-12
167,363,12,5,Net Banking,2025-07-04
168,947,16,2,Cash,2024-09-20
169,719,5,3,Cash,2024-06-25
170,420,7,1,UPI,2025-02-13
171,704,8,3,UPI,2026-01-16
172,690,12,5,UPI,2025-06-05
173,853,10,4,Net Banking,2026-01-18
174,928,1,3,Cash,2026-03-26
175,628,10,1,Card,2025-01-08
176,643,14,5,Card,2024-09-17
177,937,12,4,Cash,2024-08-07
178,960,10,5,Cash,2025-09-02
179,200,14,3,Card,2026-05-27
180,221,4,1,Net Banking,2026-06-15
181,746,8,3,UPI,2024-07-14
182,84,10,1,Cash,2026-05-12
183,451,15,1,Cash,2025-09-14
184,124,3,3,Card,2025-07-10
185,358,11,4,Cash,2024-08-11
186,281,2,2,Cash,2025-07-03
187,902,1,3,UPI,2024-07-15
188,910,2,5,Net Banking,2025-04-28
189,973,15,2,Net Banking,2024-08-17
190,653,6,1,UPI,2025-10-08
191,408,11,5,UPI,2024-12-15
192,426,2,2,UPI,2024-11-12
193,308,10,2,Card,2025-09-15
194,621,8,1,Cash,2025-03-17
195,972,3,2,UPI,2024-09-26
196,971,1,5,Net Banking,2024-12-30
197,900,2,5,Net Banking,2025-09-26
198,102,7,3,Card,2026-03-26
199,519,3,5,Cash,2026-03-17
200,765,1,3,Net Banking,2026-05-12
201,656,4,1,Card,2024-07-04
202,84,14,2,Cash,2024-09-09
203,940,16,4,Cash,2024-09-04
204,225,9,4,UPI,2026-03-22
205,248,12,2,Cash,2025-07-11
206,405,4,4,Card,2025-01-06
207,884,1,1,Net Banking,2026-04-26
208,556,4,2,UPI,2025-12-05
209,129,15,5,Card,2024-09-09
210,188,11,5,UPI,2026-02-27
211,796,5,4,Card,2025-12-16
212,682,3,2,Cash,2025-09-22
213,99,3,5,UPI,2025-09-15
214,724,5,3,Net Banking,2025-08-21
215,273,1,1,UPI,2026-02-07
216,253,1,5,UPI,2024-11-10
217,468,13,5,Card,2025-03-22
218,907,5,3,UPI,2024-11-10
219,871,12,3,Net Banking,2026-05-02
220,438,16,5,Cash,2025-07-25
221,802,9,4,Cash,2025-04-26
222,800,13,2,Card,2026-01-26
223,360,14,4,Card,2026-05-16
224,957,11,5,Net Banking,2025-09-18
225,796,12,4,Card,2026-06-06
226,609,3,5,Cash,2026-06-08
227,479,12,1,Cash,2024-08-02
228,177,13,1,Net Banking,2025-12-30
229,170,10,1,UPI,2026-01-17
230,254,6,5,Card,2026-02-26
231,412,13,1,Card,2024-09-30
232,271,15,4,Cash,2025-10-15
233,764,8,1,Cash,2025-06-10
234,878,8,1,UPI,2026-05-13
235,276,9,1,UPI,2025-08-03
236,543,11,2,Net Banking,2025-03-22
237,198,2,2,Card,2025-05-17
238,535,15,1,Net Banking,2024-07-11
239,903,16,3,UPI,2026-06-03
240,502,2,5,Card,2025-09-28
241,467,7,1,Net Banking,2025-10-11
242,413,10,1,Card,2024-06-30
243,523,12,1,Cash,2024-10-03
244,456,3,5,UPI,2025-03-06
245,906,15,4,UPI,2024-12-04
246,43,1,2,Net Banking,2025-03-12
247,801,13,5,Net Banking,2024-10-29
248,442,10,1,Cash,2025-10-06
249,312,5,1,Cash,2025-01-06
250,890,11,3,Card,2024-09-17
251,912,1,4,Card,2024-08-12
252,824,11,3,Card,2024-07-02
253,385,11,5,Cash,2025-09-16
254,104,8,4,Card,2025-03-15
255,608,14,4,Card,2026-05-28
256,143,11,5,Card,2025-08-10
257,614,5,4,Card,2025-03-25
258,475,12,4,UPI,2025-01-06
259,911,10,5,Card,2025-07-12
260,55,3,4,Cash,2025-07-13
261,354,15,5,UPI,2024-08-04
262,407,4,2,Card,2025-09-28
263,415,7,3,Card,2025-10-04
264,942,16,3,Net Banking,2026-02-03
265,550,3,4,Cash,2025-07-06
266,696,15,4,UPI,2025-03-31
267,559,3,2,Card,2025-11-14
268,199,13,3,Net Banking,2025-04-01
269,42,11,2,UPI,2025-03-04
270,33,14,3,Net Banking,2024-12-26
271,614,5,3,Net Banking,2025-10-01
272,158,12,5,Cash,2025-08-19
273,701,7,5,Net Banking,2025-08-25
274,597,15,3,UPI,2025-07-14
275,901,9,5,Cash,2025-10-08
276,910,4,2,UPI,2025-12-14
277,847,3,1,Net Banking,2025-08-10
278,391,8,5,Cash,2025-04-28
279,724,8,2,UPI,2026-03-23
280,358,5,1,Net Banking,2024-08-07
281,956,4,2,Cash,2025-01-22
282,4,14,3,Net Banking,2026-02-11
283,852,12,3,Card,2025-06-17
284,196,11,3,Card,2024-11-07
285,44,9,1,Cash,2024-08-20
286,363,9,3,Net Banking,2024-12-06
287,282,8,2,Cash,2024-08-18
288,251,2,5,Net Banking,2025-01-30
289,820,16,1,Net Banking,2026-05-26
290,907,2,1,Card,2024-08-13
291,136,10,2,Card,2025-02-12
292,108,10,5,Card,2024-11-01
293,258,11,2,Card,2025-01-26
294,279,6,2,UPI,2025-09-09
295,202,5,1,Net Banking,2024-06-29
296,956,15,3,Card,2025-05-04
297,542,9,2,Card,2024-10-12
298,337,16,5,Net Banking,2025-12-09
299,966,13,4,Card,2025-03-01
300,338,14,5,Card,2025-01-27
301,407,14,5,Net Banking,2024-09-27
302,557,12,2,Cash,2025-11-20
303,733,11,1,Cash,2024-09-04
304,477,4,3,UPI,2024-11-25
305,98,7,5,Net Banking,2026-02-25
306,432,1,2,Card,2024-08-30
307,197,9,5,UPI,2025-10-10
308,894,11,5,UPI,2026-02-14
309,984,14,1,Cash,2026-02-01
310,756,10,1,Card,2025-08-25
311,156,14,1,Net Banking,2025-10-06
312,786,16,1,Cash,2025-01-02
313,335,4,1,Card,2025-06-19
314,115,16,2,Net Banking,2026-01-07
315,652,16,3,Card,2025-09-06
316,906,2,5,Cash,2025-11-13
317,775,11,1,Cash,2025-09-11
318,846,15,4,Card,2024-12-21
319,216,8,4,Cash,2025-06-23
320,925,3,4,Cash,2025-11-15
321,687,4,2,Net Banking,2025-05-11
322,440,15,5,Net Banking,2025-07-05
323,905,5,1,UPI,2025-05-16
324,554,7,4,UPI,2025-12-12
325,228,7,5,Cash,2025-08-09
326,823,2,4,Card,2026-02-16
327,183,14,1,UPI,2025-08-06
328,385,9,2,Card,2026-01-04
329,17,3,2,Net Banking,2025-08-14
330,333,3,4,Net Banking,2024-12-01
331,667,12,1,UPI,2025-03-26
332,377,16,5,Net Banking,2025-05-12
333,852,7,2,UPI,2025-11-18
334,680,16,1,Net Banking,2024-10-06
335,444,15,4,Card,2025-07-23
336,546,9,4,UPI,2026-03-04
337,243,1,1,Card,2026-05-28
338,897,8,1,Net Banking,2025-03-03
339,295,15,1,Card,2026-03-17
340,215,7,2,UPI,2024-10-20
341,645,7,4,Card,2024-12-20
342,584,7,1,Card,2026-02-09
343,47,5,4,UPI,2026-04-05
344,362,8,3,Cash,2026-04-03
345,899,1,4,UPI,2024-06-29
346,255,6,3,Cash,2025-12-15
347,553,14,1,Cash,2025-07-02
348,485,3,4,Net Banking,2026-05-04
349,42,16,2,UPI,2024-07-08
350,733,11,2,UPI,2025-01-15
351,563,15,5,Cash,2024-10-23
352,665,8,2,Net Banking,2024-10-18
353,206,15,5,UPI,2025-04-17
354,622,15,4,Net Banking,2025-04-13
355,725,2,5,Net Banking,2025-10-06
356,407,15,1,Card,2025-10-27
357,196,16,1,Card,2025-01-02
358,965,3,4,Net Banking,2025-03-25
359,136,9,2,UPI,2026-05-20
360,908,7,5,Net Banking,2025-04-04
361,774,13,1,Cash,2025-01-20
362,511,4,2,Net Banking,2025-12-11
363,967,9,2,UPI,2025-11-13
364,694,7,5,UPI,2025-07-07
365,896,5,5,UPI,2026-04-10
366,45,14,5,Cash,2024-10-11
367,803,2,2,UPI,2024-08-27
368,735,11,3,Card,2025-01-14
369,633,9,4,Card,2025-03-05
370,180,13,1,Card,2026-04-13
371,173,8,2,UPI,2024-10-03
372,557,14,2,Cash,2025-08-27
373,902,7,5,Net Banking,2025-10-15
374,725,14,4,Card,2024-12-10
375,889,15,1,Cash,2026-06-22
376,456,3,5,Card,2025-05-14
377,442,7,2,Card,2024-12-07
378,611,1,3,UPI,2026-03-03
379,459,7,3,Net Banking,2025-01-09
380,119,16,5,Net Banking,2025-10-27
381,979,6,1,UPI,2026-06-06
382,454,14,3,Net Banking,2025-06-30
383,319,8,4,Cash,2025-02-23
384,283,13,1,Net Banking,2025-05-27
385,648,6,5,Cash,2026-01-04
386,996,5,5,UPI,2026-03-24
387,767,12,5,Net Banking,2025-06-12
388,503,6,5,Net Banking,2025-08-03
389,223,6,4,Net Banking,2025-04-25
390,804,1,3,UPI,2026-03-18
391,354,11,2,UPI,2026-02-21
392,206,16,1,Net Banking,2025-07-18
393,996,8,4,UPI,2025-06-30
394,572,4,1,Card,2026-06-17
395,785,4,4,UPI,2025-10-25
396,808,8,4,Net Banking,2024-06-25
397,732,8,4,Card,2025-11-30
398,149,15,3,Card,2025-01-13
399,849,16,2,Card,2026-02-19
400,448,5,4,Net Banking,2026-06-23
401,207,9,1,UPI,2024-08-28
402,51,8,1,UPI,2025-10-08
403,946,6,5,Cash,2026-02-11
404,304,11,3,Net Banking,2025-01-10
405,401,16,4,UPI,2026-01-07
406,388,1,3,Cash,2026-05-23
407,928,15,5,UPI,2025-08-02
408,185,5,1,UPI,2025-08-29
409,360,5,1,Card,2024-09-26
410,479,3,3,UPI,2024-12-12
411,843,12,5,Card,2026-01-09
412,513,15,3,Net Banking,2025-03-26
413,267,2,4,Cash,2025-09-10
414,498,8,3,Net Banking,2024-08-06
415,51,4,1,Cash,2025-08-26
416,777,8,3,Cash,2024-06-26
417,112,8,2,Cash,2025-06-11
418,562,15,5,Net Banking,2026-04-26
419,238,6,3,Cash,2024-08-15
420,165,13,1,Net Banking,2024-07-01
421,419,16,5,UPI,2025-08-07
422,58,3,5,Net Banking,2026-06-04
423,396,2,3,Card,2024-08-03
424,276,10,1,Net Banking,2025-05-02
425,485,1,5,Net Banking,2025-06-27
426,323,9,2,UPI,2026-01-19
427,366,15,2,Cash,2024-07-21
428,36,7,3,Cash,2024-07-30
429,355,6,5,UPI,2025-09-19
430,377,16,1,Net Banking,2024-10-22
431,72,8,4,UPI,2025-04-27
432,114,8,2,Net Banking,2026-02-26
433,120,8,3,Card,2025-06-28
434,860,3,2,Net Banking,2024-11-04
435,458,6,3,Card,2025-11-19
436,837,6,5,Cash,2026-04-21
437,449,2,2,Net Banking,2026-02-13
438,725,4,4,Card,2025-06-03
439,255,7,5,Net Banking,2025-12-08
440,320,3,4,Cash,2025-02-03
441,157,3,3,Cash,2026-05-31
442,59,7,3,UPI,2024-11-08
443,900,16,5,UPI,2024-08-21
444,940,16,3,UPI,2026-06-20
445,568,13,5,Net Banking,2026-05-06
446,278,12,1,Card,2026-01-16
447,728,8,2,Cash,2025-04-09
448,30,7,4,UPI,2025-11-03
449,379,8,3,Net Banking,2026-03-14
450,574,7,3,Cash,2025-08-15
451,759,4,3,Card,2024-07-30
452,813,16,5,Cash,2024-07-14
453,327,15,3,UPI,2025-01-01
454,6,4,5,Cash,2025-06-26
455,350,6,4,Card,2025-10-19
456,717,12,5,Net Banking,2026-03-03
457,503,7,4,UPI,2026-01-18
458,196,10,4,Card,2026-01-01
459,938,9,3,Card,2024-10-22
460,242,2,3,Cash,2025-06-14
461,341,8,3,Cash,2025-08-12
462,77,9,1,Cash,2026-02-12
463,304,7,4,UPI,2025-09-03
464,112,5,1,Cash,2024-07-29
465,77,16,4,Card,2025-06-16
466,431,15,4,Net Banking,2025-07-24
467,679,10,2,Cash,2026-01-31
468,815,13,3,Cash,2025-10-15
469,349,13,3,UPI,2024-09-18
470,100,12,5,Card,2024-12-12
471,667,14,4,Net Banking,2025-02-04
472,461,6,2,Cash,2025-01-09
473,924,10,1,UPI,2025-10-25
474,306,7,1,UPI,2026-03-07
475,708,7,1,Card,2024-09-29
476,582,13,5,Card,2024-08-17
477,204,14,1,Net Banking,2025-03-25
478,574,10,1,Card,2025-09-15
479,435,10,5,Card,2025-12-22
480,384,14,3,Card,2024-10-12
481,791,10,5,Cash,2025-04-17
482,9,10,5,Card,2025-07-20
483,786,11,2,Card,2025-02-25
484,868,8,1,Cash,2024-12-14
485,43,4,2,Card,2024-12-26
486,91,12,1,UPI,2025-09-27
487,673,7,4,UPI,2025-04-12
488,236,7,4,Cash,2026-03-27
489,706,9,1,Net Banking,2025-10-04
490,774,7,3,Net Banking,2026-03-17
491,740,2,3,Cash,2025-11-23
492,88,15,5,UPI,2024-08-13
493,622,2,1,Card,2024-11-11
494,972,11,2,UPI,2025-03-21
495,238,3,1,Net Banking,2025-03-02
496,262,12,4,Card,2024-12-22
497,779,10,4,Card,2025-07-09
498,814,15,5,Cash,2025-08-27
499,207,6,3,Cash,2025-05-19
500,824,15,5,Card,2025-03-26
501,42,2,3,Net Banking,2026-04-14
502,396,13,4,Cash,2025-11-18
503,812,3,3,Net Banking,2026-03-26
504,39,13,3,Net Banking,2024-10-11
505,536,2,4,UPI,2025-01-12
506,841,16,2,Card,2026-02-14
507,102,1,1,Cash,2025-12-01
508,611,16,4,Net Banking,2025-11-30
509,510,13,4,Net Banking,2025-11-26
510,163,5,2,UPI,2024-08-01
511,433,3,2,Card,2025-08-05
512,414,12,4,Cash,2025-05-16
513,22,1,1,Net Banking,2024-09-22
514,924,2,5,Cash,2026-03-28
515,281,4,3,Cash,2024-09-18
516,977,12,1,Cash,2025-10-19
517,458,2,5,UPI,2025-03-30
518,329,13,4,Cash,2026-06-12
519,810,5,4,UPI,2025-07-06
520,89,12,2,UPI,2026-05-20
521,428,16,2,Cash,2024-07-21
522,727,9,2,Cash,2025-03-10
523,794,14,3,Net Banking,2026-05-04
524,209,11,5,Net Banking,2025-02-28
525,622,4,3,Cash,2026-05-17
526,384,14,3,Cash,2026-02-20
527,401,2,5,Net Banking,2026-03-25
528,655,6,1,Card,2026-06-06
529,401,1,2,Net Banking,2026-04-22
530,91,1,5,UPI,2025-10-16
531,99,8,3,Cash,2026-05-04
532,346,3,1,Card,2024-10-16
533,571,2,5,Net Banking,2024-10-19
534,664,7,5,Cash,2024-10-04
535,96,6,4,Card,2026-04-21
536,580,3,4,UPI,2026-05-21
537,674,14,5,UPI,2026-05-08
538,438,7,3,Card,2026-01-24
539,844,9,2,Card,2025-07-12
540,948,4,2,Cash,2024-11-03
541,632,14,2,Cash,2025-01-26
542,644,12,3,Net Banking,2025-09-04
543,990,2,5,UPI,2025-08-06
544,241,6,5,Cash,2025-05-08
545,607,12,5,UPI,2024-08-31
546,377,8,2,Net Banking,2025-06-22
547,128,16,3,Cash,2025-04-28
548,110,15,5,Card,2025-12-31
549,708,15,5,Net Banking,2024-12-21
550,658,16,1,Cash,2025-05-02
551,888,10,2,Net Banking,2026-01-15
552,462,10,4,Net Banking,2024-10-03
553,398,16,1,UPI,2025-04-13
554,454,9,3,Net Banking,2024-08-10
555,14,2,5,Card,2026-05-15
556,881,6,2,Card,2024-12-31
557,304,3,4,Card,2026-01-31
558,284,6,2,UPI,2025-08-01
559,533,15,1,UPI,2025-11-16
560,430,11,2,Card,2026-01-26
561,847,11,2,Card,2025-09-21
562,219,8,1,Cash,2026-05-16
563,696,14,2,Cash,2026-03-26
564,205,2,5,Card,2024-07-06
565,982,16,1,Card,2025-01-03
566,643,15,2,Net Banking,2025-08-23
567,24,9,1,Cash,2025-05-15
568,69,4,3,Cash,2026-01-10
569,725,12,1,UPI,2025-03-15
570,136,13,2,UPI,2026-04-02
571,62,12,1,UPI,2024-08-11
572,822,2,1,Net Banking,2025-07-27
573,549,9,2,Net Banking,2024-09-22
574,872,2,5,Card,2025-07-26
575,475,13,2,Net Banking,2024-07-15
576,317,12,2,Cash,2024-12-01
577,343,2,4,UPI,2024-12-12
578,417,2,3,Cash,2026-06-02
579,641,15,5,Card,2025-07-27
580,337,6,1,Cash,2026-04-06
581,372,16,2,Net Banking,2025-06-26
582,979,14,2,Net Banking,2026-03-13
583,546,14,5,Cash,2025-12-31
584,689,2,1,Net Banking,2026-03-14
585,603,3,1,Card,2025-12-07
586,401,12,1,Card,2025-06-07
587,88,11,2,Cash,2025-06-15
588,130,9,5,Cash,2025-01-20
589,205,7,5,Card,2025-11-22
590,310,4,4,Card,2024-08-05
591,749,14,5,Card,2024-07-26
592,703,7,1,UPI,2026-05-30
593,256,10,3,Net Banking,2025-07-01
594,426,8,4,Net Banking,2025-03-19
595,561,5,2,Card,2026-04-25
596,191,1,1,Net Banking,2026-06-14
597,903,14,4,Net Banking,2024-09-30
598,711,14,1,UPI,2024-09-26
599,716,1,5,Card,2025-05-07
600,928,15,5,Cash,2024-08-04
601,60,3,3,Card,2024-11-23
602,730,15,5,UPI,2024-08-05
603,869,4,4,UPI,2025-04-26
604,742,6,5,Card,2024-09-20
605,542,5,2,Net Banking,2025-11-19
606,735,16,5,UPI,2026-01-20
607,443,14,3,Net Banking,2025-01-11
608,528,7,5,UPI,2024-07-30
609,307,2,2,Cash,2025-02-14
610,327,10,4,Card,2025-05-01
611,229,15,4,Net Banking,2025-05-19
612,8,4,1,Cash,2025-11-15
613,567,3,2,UPI,2024-07-13
614,282,12,5,Card,2024-12-04
615,431,6,3,UPI,2026-03-13
616,98,13,1,Card,2025-03-08
617,740,12,4,Cash,2026-05-09
618,40,14,3,Net Banking,2024-11-21
619,865,13,3,UPI,2024-12-06
620,985,9,5,Net Banking,2025-08-15
621,45,7,5,Card,2025-12-14
622,176,13,1,Cash,2026-03-25
623,715,1,3,Net Banking,2024-12-22
624,58,11,4,Cash,2025-09-03
625,594,12,1,Cash,2025-06-26
626,228,10,3,Cash,2025-12-28
627,714,12,4,UPI,2025-11-18
628,109,11,5,Cash,2025-12-18
629,980,12,1,Card,2025-06-15
630,641,6,1,UPI,2024-07-28
631,403,9,4,Card,2025-05-28
632,447,5,5,Card,2024-12-07
633,88,14,3,Net Banking,2024-12-07
634,103,15,2,Cash,2025-05-05
635,27,7,5,UPI,2025-10-01
636,529,16,5,Cash,2025-07-13
637,907,13,3,Card,2024-09-20
638,799,4,4,UPI,2026-01-13
639,135,2,1,Cash,2025-02-21
640,731,11,5,Cash,2024-06-25
641,597,8,2,Cash,2024-12-28
642,918,8,3,Net Banking,2025-09-10
643,392,13,2,Card,2025-07-29
644,310,2,4,UPI,2026-01-07
645,571,10,4,Card,2024-08-13
646,476,8,4,Net Banking,2026-02-16
647,243,1,1,Cash,2026-01-29
648,285,2,1,Card,2025-12-20
649,328,4,5,Cash,2026-04-14
650,626,10,5,Net Banking,2026-05-03
651,759,7,2,UPI,2024-07-21
652,446,5,1,Cash,2025-05-25
653,571,2,1,Card,2025-07-25
654,986,12,2,Cash,2025-02-01
655,662,13,1,Cash,2026-03-23
656,285,12,4,Cash,2024-10-02
657,964,13,5,Card,2025-10-12
658,580,9,5,Net Banking,2026-02-15
659,292,15,2,UPI,2025-07-31
660,47,6,3,Net Banking,2024-09-30
661,346,16,4,Cash,2026-01-16
662,34,11,4,UPI,2025-05-31
663,890,1,4,Cash,2025-03-17
664,772,16,5,Net Banking,2024-09-21
665,73,10,4,Cash,2025-09-09
666,22,1,2,Cash,2026-03-08
667,986,9,4,Net Banking,2025-08-17
668,453,8,1,UPI,2024-08-26
669,489,16,1,Net Banking,2025-06-09
670,151,12,2,UPI,2026-05-23
671,412,14,2,Net Banking,2024-08-04
672,597,5,2,Net Banking,2025-09-09
673,950,9,4,Cash,2025-07-12
674,467,10,1,UPI,2024-11-14
675,685,1,3,UPI,2024-09-08
676,54,10,2,UPI,2025-08-03
677,731,7,3,Card,2025-01-09
678,856,11,1,UPI,2025-06-17
679,131,11,5,Card,2024-09-17
680,491,9,4,Card,2026-01-30
681,923,12,1,Cash,2025-05-22
682,845,3,1,Card,2026-02-24
683,277,11,5,Net Banking,2026-01-18
684,253,15,3,Card,2025-03-16
685,512,3,3,Net Banking,2025-09-14
686,670,3,5,Net Banking,2025-08-06
687,509,3,5,Net Banking,2026-02-08
688,810,2,2,UPI,2025-03-21
689,407,16,4,Cash,2024-11-30
690,607,11,3,UPI,2024-09-10
691,547,6,5,Cash,2025-01-31
692,585,2,1,Cash,2026-05-01
693,239,7,4,Cash,2025-03-31
694,149,4,2,Net Banking,2026-04-11
695,867,5,3,Cash,2026-04-22
696,487,1,3,Net Banking,2024-12-05
697,486,2,2,Card,2024-12-15
698,546,11,4,Cash,2024-07-08
699,80,1,1,UPI,2025-09-29
700,128,2,4,Net Banking,2024-11-27
701,61,9,5,UPI,2026-05-15
702,594,11,3,Cash,2026-02-21
703,250,7,5,Card,2026-03-24
704,418,3,4,Card,2024-11-19
705,469,5,1,Cash,2025-05-01
706,788,2,5,Net Banking,2026-02-16
707,827,10,3,Card,2025-04-12
708,664,6,2,Net Banking,2025-03-20
709,572,12,2,Card,2026-01-19
710,402,13,3,Net Banking,2025-06-14
711,646,12,1,Net Banking,2025-01-20
712,94,8,1,UPI,2026-01-13
713,366,3,3,Net Banking,2026-01-12
714,405,13,3,Net Banking,2026-04-07
715,341,1,5,Card,2024-09-26
716,538,16,3,Card,2026-06-13
717,192,4,5,Cash,2025-05-25
718,436,8,1,Cash,2025-10-06
719,429,16,5,UPI,2026-04-20
720,185,16,2,Net Banking,2025-07-06
721,610,10,3,UPI,2025-10-11
722,512,7,3,Cash,2026-02-18
723,890,3,4,Net Banking,2025-02-01
724,73,16,1,UPI,2025-09-11
725,126,4,5,Net Banking,2024-10-27
726,836,3,5,Net Banking,2025-03-30
727,218,4,5,UPI,2026-03-05
728,472,10,1,Net Banking,2025-12-01
729,912,11,1,Net Banking,2026-06-14
730,881,15,2,UPI,2025-12-22
731,854,15,2,Card,2024-08-19
732,771,10,1,UPI,2025-03-28
733,676,3,1,Cash,2026-01-28
734,124,8,1,Net Banking,2025-06-11
735,86,10,5,Card,2024-08-15
736,11,14,1,Net Banking,2025-07-15
737,707,7,2,Card,2025-03-09
738,486,1,3,Cash,2024-11-23
739,436,3,4,UPI,2024-12-05
740,401,2,3,Net Banking,2025-05-06
741,789,16,2,Card,2025-05-14
742,877,10,2,Cash,2025-09-08
743,948,9,2,Net Banking,2025-08-02
744,731,2,4,Card,2024-10-30
745,667,6,5,Card,2025-02-05
746,23,14,1,Cash,2025-08-13
747,931,15,2,Net Banking,2026-01-20
748,326,1,2,Net Banking,2024-10-06
749,260,9,3,Cash,2025-06-28
750,716,11,4,Card,2025-12-26
751,87,4,1,UPI,2025-02-03
752,500,3,5,Net Banking,2025-11-22
753,26,14,2,UPI,2024-11-14
754,383,11,3,Net Banking,2025-09-10
755,228,2,2,Net Banking,2024-11-02
756,457,5,1,Card,2024-12-12
757,115,5,1,UPI,2025-08-22
758,109,8,1,Net Banking,2025-05-15
759,70,15,1,UPI,2025-04-24
760,398,7,5,Cash,2026-06-20
761,63,6,5,UPI,2026-02-18
762,756,13,1,Net Banking,2025-05-06
763,426,15,4,Net Banking,2026-06-02
764,849,2,1,Card,2025-01-14
765,916,7,4,Net Banking,2026-05-06
766,400,7,4,Card,2025-12-27
767,915,3,1,Net Banking,2024-08-28
768,404,3,4,Card,2025-03-06
769,646,5,4,Cash,2024-09-08
770,234,4,3,Card,2025-02-13
771,209,7,4,Card,2026-06-03
772,768,15,5,UPI,2026-04-18
773,765,4,5,Cash,2025-09-09
774,777,6,2,Cash,2024-11-17
775,619,15,5,Cash,2025-06-23
776,117,9,5,Card,2025-07-25
777,432,5,1,Net Banking,2025-07-27
778,806,16,4,Card,2025-08-28
779,258,16,1,Net Banking,2025-02-16
780,566,7,4,Card,2026-05-17
781,997,9,3,Card,2025-07-02
782,577,7,5,UPI,2024-10-26
783,891,5,2,Card,2025-01-08
784,257,10,4,Net Banking,2025-12-15
785,880,6,3,Cash,2024-08-31
786,696,5,1,Cash,2025-03-27
787,811,15,5,Net Banking,2026-05-05
788,632,6,3,Cash,2026-06-11
789,665,15,1,UPI,2025-02-11
790,773,16,3,Net Banking,2026-03-19
791,544,16,2,UPI,2025-11-12
792,474,1,3,Net Banking,2025-08-17
793,600,1,4,Cash,2026-02-20
794,570,11,2,Cash,2025-02-01
795,278,5,1,Cash,2026-06-13
796,693,2,1,Cash,2026-01-15
797,496,5,1,Cash,2025-12-19
798,313,15,3,Net Banking,2024-09-28
799,180,7,2,Net Banking,2024-07-15
800,248,8,3,UPI,2026-01-31
801,894,16,2,Cash,2026-02-13
802,268,8,4,UPI,2025-01-05
803,191,13,2,UPI,2024-09-07
804,579,12,4,Net Banking,2025-06-05
805,615,13,2,Cash,2025-03-13
806,661,16,2,Cash,2026-02-08
807,504,11,3,UPI,2026-02-19
808,768,4,1,Cash,2025-09-08
809,883,14,2,Net Banking,2026-05-19
810,880,15,3,Card,2024-06-30
811,969,5,3,Cash,2025-07-27
812,450,4,3,Card,2026-04-27
813,921,3,2,Cash,2025-11-23
814,409,10,2,Net Banking,2025-08-14
815,984,14,3,Cash,2026-04-18
816,598,8,4,Cash,2025-02-19
817,267,7,5,Cash,2025-03-10
818,772,14,4,UPI,2025-07-17
819,664,15,1,UPI,2026-03-24
820,216,12,5,UPI,2025-08-04
821,880,3,4,UPI,2025-09-13
822,67,6,3,Card,2024-11-29
823,356,4,1,UPI,2024-09-22
824,238,10,3,Cash,2024-11-13
825,773,12,3,Cash,2026-03-06
826,167,9,4,UPI,2025-05-24
827,388,7,1,Net Banking,2025-08-27
828,626,13,4,Card,2026-04-25
829,455,15,1,Card,2025-12-16
830,699,4,3,UPI,2026-05-06
831,953,7,1,UPI,2025-09-01
832,221,10,2,Card,2026-02-02
833,955,12,1,Cash,2025-12-03
834,654,1,1,Net Banking,2026-04-11
835,681,1,2,Card,2025-04-10
836,545,2,5,Cash,2026-01-23
837,292,9,5,Cash,2024-11-08
838,523,16,1,Net Banking,2024-07-14
839,8,14,3,Cash,2026-04-04
840,336,16,3,Cash,2024-12-31
841,124,8,3,Cash,2025-08-24
842,288,2,3,Net Banking,2026-01-02
843,233,13,3,Net Banking,2024-07-11
844,631,14,5,Net Banking,2025-01-08
845,619,4,1,Cash,2025-11-12
846,884,12,4,UPI,2025-04-01
847,244,4,5,Card,2026-01-16
848,491,1,5,Card,2025-01-28
849,430,16,2,UPI,2024-10-01
850,788,1,3,Card,2024-09-04
851,980,16,4,UPI,2024-07-29
852,426,5,3,UPI,2025-04-29
853,775,3,3,Net Banking,2026-05-22
854,222,14,5,Cash,2026-02-20
855,316,11,2,Cash,2024-12-12
856,774,16,2,UPI,2026-04-26
857,104,1,3,UPI,2026-02-23
858,350,2,5,Net Banking,2025-11-26
859,155,2,4,Net Banking,2024-08-25
860,619,12,5,UPI,2025-09-21
861,154,8,2,Net Banking,2026-06-14
862,476,1,5,Net Banking,2026-03-09
863,859,2,2,Card,2025-02-08
864,65,9,3,Net Banking,2024-08-27
865,543,8,5,UPI,2026-06-20
866,866,11,4,Cash,2025-04-06
867,979,16,3,UPI,2026-05-17
868,261,9,4,Cash,2024-12-13
869,518,12,1,Card,2025-12-27
870,714,9,3,Card,2024-08-27
871,195,2,1,Card,2024-11-24
872,50,1,5,Net Banking,2025-12-28
873,565,15,1,Card,2025-12-24
874,670,11,5,UPI,2026-06-10
875,747,16,5,Cash,2026-05-02
876,784,11,4,Cash,2025-05-18
877,839,11,2,UPI,2025-07-26
878,653,11,3,Card,2025-11-05
879,815,3,2,Cash,2026-01-24
880,500,3,3,UPI,2025-10-12
881,539,6,2,Cash,2025-05-20
882,700,7,2,UPI,2025-12-12
883,93,14,2,UPI,2026-06-18
884,27,13,1,Card,2025-07-20
885,313,5,5,UPI,2025-03-10
886,483,8,5,Net Banking,2025-06-01
887,944,13,4,Card,2025-05-19
888,476,8,3,Net Banking,2024-07-03
889,13,9,4,Cash,2024-09-29
890,885,6,3,Cash,2024-08-11
891,944,11,4,Cash,2024-12-28
892,726,7,3,Cash,2025-10-23
893,118,11,2,UPI,2026-03-31
894,222,16,3,UPI,2026-06-25
895,995,16,1,Card,2025-10-01
896,186,14,5,Card,2025-05-05
897,33,11,5,UPI,2026-03-24
898,969,1,2,Cash,2025-08-21
899,577,1,5,Net Banking,2025-01-05
900,861,12,5,UPI,2026-03-28
901,93,1,2,Net Banking,2025-01-24
902,580,14,2,Card,2025-05-18
903,518,7,5,Net Banking,2026-06-07
904,498,1,1,Net Banking,2024-09-04
905,716,14,2,Cash,2025-01-30
906,499,12,2,Card,2024-08-04
907,947,5,5,UPI,2026-05-21
908,242,13,1,Card,2024-08-17
909,350,2,5,Net Banking,2024-07-28
910,739,11,2,Cash,2026-05-08
911,315,9,3,Cash,2025-08-27
912,421,8,1,Net Banking,2025-03-21
913,686,8,5,Cash,2025-06-29
914,943,9,4,Net Banking,2025-08-20
915,698,1,3,UPI,2024-08-24
916,978,14,3,Cash,2024-10-09
917,350,13,2,Net Banking,2024-09-24
918,930,3,3,Net Banking,2024-12-23
919,569,13,2,Cash,2024-11-30
920,696,5,4,Cash,2024-09-10
921,158,7,4,Cash,2024-10-25
922,536,13,3,UPI,2024-10-14
923,35,13,1,Net Banking,2024-11-05
924,837,10,1,Cash,2025-02-28
925,433,15,3,Net Banking,2024-09-23
926,766,8,2,Cash,2025-05-23
927,593,15,2,Net Banking,2025-09-28
928,303,16,4,UPI,2024-12-17
929,566,2,1,Net Banking,2026-03-12
930,754,4,5,Card,2024-09-19
931,650,4,4,Card,2026-01-03
932,941,11,1,Net Banking,2024-08-29
933,210,10,5,Net Banking,2024-10-01
934,580,16,2,Net Banking,2025-04-23
935,82,3,5,Cash,2025-07-25
936,40,11,1,Net Banking,2024-09-12
937,567,6,4,Cash,2025-01-03
938,851,9,3,Net Banking,2025-12-17
939,610,5,4,UPI,2024-12-18
940,967,1,3,Card,2025-03-15
941,70,14,4,UPI,2025-10-19
942,713,6,2,Card,2025-12-04
943,505,1,5,Net Banking,2025-12-24
944,286,14,2,UPI,2025-12-26
945,32,9,3,Cash,2024-10-06
946,200,12,5,Net Banking,2025-11-17
947,62,5,2,Cash,2024-11-06
948,248,6,5,Card,2025-04-16
949,87,14,1,UPI,2025-04-25
950,393,4,2,Net Banking,2024-07-23
951,695,1,2,Cash,2025-02-25
952,874,6,3,Card,2026-05-26
953,660,11,5,Card,2025-09-15
954,654,6,1,Net Banking,2025-01-03
955,62,6,3,Card,2025-03-23
956,335,15,2,Cash,2026-02-03
957,690,11,3,Cash,2025-12-23
958,179,3,4,Card,2026-05-29
959,329,3,2,Net Banking,2025-12-07
960,87,10,3,Card,2024-07-11
961,417,7,2,UPI,2024-07-23
962,847,4,1,Net Banking,2025-01-14
963,522,11,3,Net Banking,2025-10-19
964,406,2,1,UPI,2025-06-28
965,254,15,4,Net Banking,2026-05-20
966,509,3,4,Cash,2026-03-20
967,885,9,2,Net Banking,2025-10-07
968,941,14,4,Net Banking,2026-02-08
969,194,5,5,Net Banking,2025-01-18
970,921,12,3,Cash,2025-08-30
971,811,16,4,Cash,2025-02-12
972,948,15,2,Card,2025-06-22
973,736,8,3,Card,2025-09-04
974,241,2,3,Net Banking,2025-01-16
975,250,4,3,Card,2025-10-25
976,717,9,1,Cash,2026-05-20
977,840,9,3,Net Banking,2024-10-08
978,641,12,2,Card,2025-02-21
979,486,11,2,Net Banking,2025-04-28
980,254,4,1,UPI,2024-11-05
981,303,8,4,Card,2025-03-02
982,106,10,3,UPI,2024-07-19
983,603,11,5,Card,2025-04-25
984,419,11,2,Card,2025-08-30
985,173,16,5,Card,2025-09-02
986,856,15,4,Net Banking,2025-01-02
987,483,16,5,Card,2025-03-18
988,250,16,5,UPI,2025-04-23
989,52,15,3,Net Banking,2025-10-22
990,17,10,4,UPI,2024-08-03
991,399,2,5,Cash,2025-03-14
992,338,6,2,Cash,2024-12-15
993,985,13,5,Net Banking,2025-09-28
994,721,3,4,Net Banking,2025-10-25
995,148,3,2,Cash,2025-02-28
996,95,8,3,Net Banking,2025-07-09
997,808,16,1,Net Banking,2026-05-21
998,695,15,3,UPI,2026-01-26
999,967,12,1,Cash,2025-06-25
1000,678,12,3,Card,2025-05-01
1001,489,12,3,Cash,2025-07-22
1002,372,13,4,Card,2024-10-06
1003,274,9,4,Cash,2026-01-26
1004,111,9,5,Net Banking,2025-08-20
1005,869,9,4,UPI,2024-11-17
1006,958,3,5,Cash,2025-05-15
1007,413,13,5,Net Banking,2026-02-07
1008,669,10,3,Card,2025-10-19
1009,400,4,1,Card,2025-09-19
1010,465,2,4,Cash,2025-11-05
1011,761,1,4,Cash,2026-01-31
1012,53,1,4,Cash,2025-12-13
1013,770,12,5,Net Banking,2025-10-02
1014,604,2,5,UPI,2026-02-02
1015,734,15,2,UPI,2026-03-14
1016,107,16,5,Card,2024-07-11
1017,417,13,2,Net Banking,2026-02-11
1018,313,7,5,Card,2024-12-25
1019,542,3,1,UPI,2026-05-18
1020,314,13,1,Net Banking,2025-10-15
1021,867,2,5,Card,2024-10-15
1022,714,8,5,Net Banking,2024-12-31
1023,20,7,2,Card,2025-10-12
1024,188,8,5,Net Banking,2024-07-28
1025,439,1,5,Net Banking,2024-07-07
1026,267,7,1,UPI,2024-08-04
1027,252,9,1,UPI,2024-09-26
1028,508,6,1,Card,2026-05-20
1029,184,13,5,Cash,2026-01-08
1030,159,2,4,UPI,2025-03-20
1031,971,11,3,UPI,2025-08-24
1032,73,2,1,Cash,2025-07-22
1033,158,12,5,Cash,2025-12-15
1034,768,16,5,Card,2025-01-06
1035,502,15,4,Card,2025-12-26
1036,918,4,1,Card,2024-08-14
1037,361,4,2,UPI,2026-01-08
1038,363,11,3,Card,2026-05-14
1039,612,13,3,Card,2025-08-10
1040,136,3,2,Card,2024-09-03
1041,652,2,1,UPI,2024-12-21
1042,14,11,1,Card,2025-11-28
1043,230,7,4,UPI,2024-09-18
1044,533,16,1,Cash,2024-12-01
1045,77,5,5,Cash,2025-01-07
1046,295,9,4,Cash,2024-10-07
1047,497,1,4,UPI,2024-08-06
1048,767,15,2,Cash,2025-08-13
1049,455,6,1,Card,2024-11-20
1050,909,7,1,UPI,2025-08-29
1051,483,4,1,Net Banking,2024-07-25
1052,884,15,1,UPI,2024-07-21
1053,211,1,3,Net Banking,2024-10-12
1054,180,11,3,Net Banking,2024-12-05
1055,975,2,5,UPI,2025-10-15
1056,948,7,5,Cash,2026-02-18
1057,677,7,5,UPI,2024-08-14
1058,465,2,1,Cash,2025-09-06
1059,80,4,2,Net Banking,2024-11-27
1060,434,3,1,UPI,2025-03-15
1061,360,3,5,Net Banking,2025-12-31
1062,192,4,3,UPI,2026-01-05
1063,456,13,5,Card,2025-08-20
1064,945,3,4,Net Banking,2025-03-30
1065,849,9,2,UPI,2025-10-16
1066,968,13,2,Net Banking,2024-08-08
1067,838,15,4,Card,2024-08-04
1068,715,2,2,UPI,2025-12-28
1069,844,2,4,Net Banking,2025-11-09
1070,861,4,3,Cash,2025-01-24
1071,726,15,5,Cash,2025-08-16
1072,174,4,3,Cash,2025-02-28
1073,677,6,5,Card,2024-12-10
1074,674,12,5,UPI,2026-05-26
1075,198,9,5,UPI,2025-07-13
1076,391,10,2,Card,2025-10-25
1077,794,12,3,UPI,2025-06-19
1078,849,4,4,Cash,2025-10-26
1079,319,16,3,Net Banking,2025-07-25
1080,304,7,3,UPI,2024-08-17
1081,373,16,2,Card,2024-12-20
1082,582,16,5,Net Banking,2025-08-13
1083,689,6,1,Net Banking,2025-04-17
1084,234,6,2,Cash,2026-01-23
1085,474,1,5,UPI,2025-03-08
1086,825,12,4,Net Banking,2026-02-05
1087,72,12,2,UPI,2025-09-01
1088,818,5,2,Cash,2025-05-09
1089,438,9,5,Card,2025-02-05
1090,493,4,2,Card,2024-08-30
1091,849,4,1,UPI,2025-12-18
1092,411,1,5,Cash,2024-11-10
1093,562,6,3,Card,2024-08-12
1094,588,2,3,Card,2025-11-21
1095,605,14,4,UPI,2025-02-27
1096,49,11,5,Card,2025-11-11
1097,105,12,4,Net Banking,2024-07-26
1098,53,3,2,UPI,2025-11-16
1099,128,5,2,Card,2024-08-15
1100,209,4,3,Net Banking,2026-03-04
1101,275,7,3,UPI,2025-09-02
1102,648,3,3,Net Banking,2024-08-23
1103,342,12,3,UPI,2025-05-27
1104,190,4,5,Net Banking,2026-06-06
1105,36,7,2,Cash,2025-01-29
1106,124,7,2,Cash,2025-07-27
1107,67,15,5,Net Banking,2025-09-30
1108,573,9,2,Card,2024-10-29
1109,847,11,1,UPI,2025-02-10
1110,940,6,4,UPI,2025-03-23
1111,951,7,3,UPI,2025-12-23
1112,958,3,1,Cash,2025-11-14
1113,239,16,1,Net Banking,2025-01-26
1114,246,6,5,Card,2026-05-09
1115,715,12,5,Cash,2026-03-05
1116,646,11,5,UPI,2026-05-27
1117,379,15,5,Card,2025-04-02
1118,51,10,2,UPI,2024-09-19
1119,3,11,4,UPI,2025-04-12
1120,155,8,3,Cash,2026-01-26
1121,534,6,1,UPI,2024-09-09
1122,343,1,5,UPI,2026-05-16
1123,582,14,1,Cash,2025-09-02
1124,787,10,4,Cash,2025-09-17
1125,10,5,5,Net Banking,2024-06-26
1126,309,5,3,Cash,2025-12-29
1127,545,5,1,Net Banking,2024-07-25
1128,475,10,4,Card,2024-12-07
1129,269,15,5,Card,2025-09-20
1130,5,5,3,Card,2024-08-12
1131,286,7,5,Cash,2025-11-25
1132,435,6,3,Net Banking,2025-12-30
1133,849,15,1,UPI,2026-01-26
1134,630,15,1,Card,2026-06-07
1135,64,14,5,Cash,2026-04-23
1136,272,7,2,Card,2025-11-27
1137,940,6,4,Card,2025-04-29
1138,552,10,4,Card,2025-07-11
1139,903,1,4,Cash,2025-06-10
1140,204,4,4,Card,2025-10-30
1141,797,1,3,Card,2025-05-09
1142,63,13,5,UPI,2026-05-16
1143,106,16,2,Net Banking,2025-07-18
1144,725,14,2,UPI,2024-11-13
1145,629,13,1,Card,2024-12-21
1146,511,11,5,UPI,2024-07-18
1147,416,9,1,Card,2025-08-27
1148,698,3,3,UPI,2025-03-10
1149,909,3,1,Net Banking,2025-12-28
1150,19,13,2,Net Banking,2025-07-14
1151,263,14,5,Cash,2026-06-20
1152,903,14,5,Cash,2024-12-15
1153,458,13,3,Net Banking,2024-10-29
1154,942,9,5,Cash,2025-12-22
1155,710,2,5,Cash,2024-11-09
1156,565,13,4,Net Banking,2024-09-17
1157,229,8,1,Net Banking,2025-08-09
1158,940,12,2,Cash,2026-04-01
1159,346,10,5,Cash,2026-01-27
1160,641,14,2,Cash,2025-03-20
1161,755,7,2,UPI,2024-12-18
1162,254,9,5,Cash,2026-01-15
1163,296,2,5,Net Banking,2025-03-09
1164,864,7,1,UPI,2024-10-24
1165,243,15,1,UPI,2024-08-13
1166,696,13,4,Card,2025-09-20
1167,231,3,5,Cash,2024-11-18
1168,422,11,4,UPI,2024-07-03
1169,133,3,1,Cash,2024-06-27
1170,503,9,3,Cash,2025-02-24
1171,614,6,5,Cash,2025-02-25
1172,353,7,2,UPI,2025-05-03
1173,110,7,3,UPI,2024-07-16
1174,428,5,2,Net Banking,2025-02-24
1175,538,13,4,Cash,2025-10-20
1176,232,15,5,Card,2025-09-14
1177,291,2,5,Card,2025-11-21
1178,914,4,3,Net Banking,2025-12-23
1179,1000,2,4,Card,2024-12-22
1180,980,3,5,Card,2026-04-25
1181,13,6,4,Card,2024-08-26
1182,906,10,5,Net Banking,2024-08-07
1183,708,10,1,Net Banking,2026-05-20
1184,238,13,5,Cash,2026-01-26
1185,813,15,1,UPI,2025-05-15
1186,560,12,3,Card,2025-09-25
1187,480,6,5,Net Banking,2024-07-18
1188,215,1,5,Card,2025-01-10
1189,62,1,4,Net Banking,2025-04-01
1190,463,1,1,Cash,2026-03-17
1191,245,4,4,Card,2025-01-15
1192,538,4,3,UPI,2024-09-17
1193,935,12,4,UPI,2025-02-03
1194,785,4,4,UPI,2024-08-03
1195,833,5,1,Card,2025-01-10
1196,939,4,5,Net Banking,2024-10-02
1197,651,5,2,Net Banking,2025-06-24
1198,970,9,4,Net Banking,2024-08-08
1199,779,9,1,Card,2025-07-11
1200,294,1,1,Net Banking,2025-10-28
1201,600,14,1,UPI,2025-12-01
1202,878,5,1,UPI,2026-04-29
1203,895,4,5,UPI,2024-07-17
1204,647,15,4,UPI,2025-01-16
1205,319,13,4,Card,2026-02-03
1206,596,12,2,UPI,2025-03-24
1207,456,3,4,Cash,2026-04-17
1208,218,11,4,UPI,2025-01-20
1209,755,7,2,UPI,2025-04-22
1210,798,14,2,Card,2025-01-18
1211,281,5,1,Card,2026-01-09
1212,159,6,2,Cash,2024-11-08
1213,318,10,3,Cash,2025-08-26
1214,839,13,3,UPI,2024-07-19
1215,610,15,1,Card,2024-10-07
1216,947,5,1,Cash,2025-01-20
1217,170,12,1,Net Banking,2025-12-03
1218,872,13,5,Cash,2025-08-22
1219,516,12,5,Card,2025-05-28
1220,176,1,3,Cash,2024-07-21
1221,13,13,2,UPI,2026-04-15
1222,98,11,4,Card,2026-05-29
1223,165,16,4,Card,2025-06-19
1224,938,12,4,UPI,2025-01-28
1225,961,11,3,Cash,2025-12-06
1226,824,13,3,Cash,2024-09-20
1227,420,8,1,UPI,2025-03-11
1228,392,5,5,UPI,2026-06-05
1229,761,13,4,UPI,2025-12-18
1230,163,1,3,Card,2026-04-23
1231,265,3,5,Net Banking,2025-04-12
1232,130,8,4,Card,2025-06-09
1233,954,6,2,Cash,2024-12-25
1234,896,2,5,Cash,2025-11-14
1235,577,2,3,Cash,2024-07-06
1236,43,5,2,Card,2025-01-29
1237,6,9,3,Card,2024-11-19
1238,726,9,5,Cash,2026-01-30
1239,678,1,3,Net Banking,2025-07-11
1240,854,14,2,UPI,2024-12-01
1241,822,16,1,Net Banking,2024-10-28
1242,320,9,4,Cash,2026-06-22
1243,253,1,4,Card,2025-02-20
1244,881,4,5,Cash,2026-01-13
1245,592,8,4,Net Banking,2025-09-04
1246,771,7,2,Net Banking,2024-09-17
1247,929,1,2,UPI,2025-05-28
1248,359,12,3,Cash,2025-09-19
1249,125,6,3,Card,2025-02-20
1250,586,14,3,Cash,2024-09-10
1251,362,15,2,Card,2025-11-04
1252,567,13,3,Cash,2024-10-11
1253,239,10,5,UPI,2024-07-18
1254,198,13,1,UPI,2025-01-20
1255,803,15,2,UPI,2025-02-04
1256,14,14,3,Cash,2024-07-22
1257,333,6,2,UPI,2026-04-03
1258,67,7,5,Cash,2026-06-14
1259,251,3,3,Cash,2025-11-09
1260,472,8,4,Cash,2025-07-22
1261,43,13,1,Card,2024-11-08
1262,58,8,1,Net Banking,2026-04-19
1263,140,2,1,Card,2025-01-04
1264,5,7,2,UPI,2026-02-26
1265,217,12,2,Cash,2024-11-04
1266,26,1,3,Net Banking,2026-04-03
1267,982,7,3,Card,2025-08-04
1268,167,12,4,UPI,2025-06-12
1269,581,13,3,UPI,2025-09-08
1270,676,6,5,Cash,2025-12-05
1271,123,12,1,Net Banking,2026-01-29
1272,743,11,2,Net Banking,2025-04-20
1273,106,1,3,Net Banking,2025-02-22
1274,915,6,1,Net Banking,2026-03-22
1275,577,2,1,Card,2025-04-20
1276,602,7,1,Card,2025-11-04
1277,512,3,5,UPI,2025-08-29
1278,31,8,1,UPI,2025-01-03
1279,279,4,4,Net Banking,2025-01-16
1280,938,3,5,Net Banking,2025-10-15
1281,47,10,4,Net Banking,2026-01-14
1282,758,3,2,Card,2025-12-30
1283,60,12,4,Cash,2025-09-08
1284,822,1,2,Cash,2026-01-16
1285,674,2,3,UPI,2026-06-13
1286,458,5,1,Card,2026-06-21
1287,310,11,1,Cash,2026-02-19
1288,626,9,3,Cash,2024-12-15
1289,725,8,5,Net Banking,2026-02-05
1290,901,2,2,Card,2026-03-21
1291,424,7,5,UPI,2025-02-04
1292,545,3,1,UPI,2024-08-12
1293,969,8,2,Card,2026-02-18
1294,91,15,5,Cash,2026-04-12
1295,764,7,1,Cash,2026-01-31
1296,789,3,2,Net Banking,2025-10-26
1297,250,12,4,Cash,2025-12-12
1298,915,9,4,Card,2025-08-21
1299,779,12,1,Net Banking,2025-09-05
1300,157,14,3,UPI,2025-08-15
1301,840,16,1,Card,2025-03-27
1302,454,6,2,Cash,2025-03-15
1303,541,2,1,UPI,2025-06-25
1304,833,8,2,Cash,2025-05-30
1305,891,16,2,UPI,2025-09-02
1306,30,13,1,Net Banking,2025-12-18
1307,292,16,4,UPI,2024-10-29
1308,278,14,5,UPI,2025-07-04
1309,10,9,1,Net Banking,2025-07-24
1310,137,2,4,Card,2025-03-19
1311,963,10,4,UPI,2024-10-21
1312,55,5,1,Cash,2025-05-07
1313,303,16,2,Card,2026-05-15
1314,531,12,4,Card,2026-02-22
1315,73,13,2,Net Banking,2025-09-17
1316,64,9,3,Cash,2024-12-30
1317,240,14,5,Card,2024-11-19
1318,604,16,3,Net Banking,2024-11-13
1319,666,13,2,Cash,2026-03-20
1320,359,14,2,Cash,2024-08-17
1321,860,16,2,Cash,2025-02-18
1322,934,1,1,Cash,2024-07-28
1323,308,3,1,UPI,2025-07-31
1324,926,5,5,UPI,2025-08-17
1325,146,8,1,UPI,2025-12-11
1326,937,9,2,Net Banking,2026-05-07
1327,667,12,5,Net Banking,2025-11-01
1328,607,10,1,UPI,2024-10-16
1329,242,4,2,UPI,2026-02-18
1330,555,3,2,Card,2025-11-20
1331,160,5,5,Cash,2025-07-31
1332,737,3,5,Net Banking,2025-07-13
1333,729,12,1,Card,2025-06-20
1334,470,6,1,Card,2026-03-01
1335,889,12,3,Cash,2024-09-23
1336,620,5,3,Cash,2025-09-06
1337,559,14,5,UPI,2025-06-29
1338,796,3,3,UPI,2025-06-24
1339,286,9,5,UPI,2026-03-16
1340,519,6,3,Cash,2025-05-09
1341,458,4,5,UPI,2024-08-30
1342,514,6,5,UPI,2026-05-21
1343,751,16,3,UPI,2026-02-11
1344,512,5,2,UPI,2025-09-08
1345,61,13,2,Cash,2025-06-08
1346,846,16,2,UPI,2025-08-18
1347,77,1,2,Cash,2025-05-21
1348,797,15,1,Cash,2025-12-06
1349,210,6,4,UPI,2026-01-31
1350,942,2,3,UPI,2025-03-20
1351,673,1,2,Cash,2025-01-04
1352,196,12,5,Net Banking,2024-11-03
1353,781,15,1,Card,2024-09-01
1354,902,1,2,UPI,2024-10-02
1355,572,14,2,Card,2024-07-31
1356,583,8,2,Net Banking,2025-04-07
1357,400,15,4,Net Banking,2025-02-04
1358,57,14,3,Cash,2025-02-07
1359,401,4,5,UPI,2025-04-29
1360,910,1,5,Net Banking,2025-07-19
1361,301,16,1,Cash,2024-07-10
1362,345,10,5,Net Banking,2025-03-02
1363,546,15,5,Net Banking,2026-05-08
1364,478,7,4,Cash,2025-07-13
1365,368,15,3,Net Banking,2026-03-26
1366,366,13,3,UPI,2025-10-04
1367,504,2,5,Net Banking,2025-03-04
1368,608,1,2,Net Banking,2026-04-03
1369,648,2,5,Net Banking,2025-12-27
1370,43,15,4,Net Banking,2024-12-18
1371,403,12,3,UPI,2024-07-10
1372,403,12,3,Card,2025-08-13
1373,302,4,3,UPI,2025-11-12
1374,739,13,1,UPI,2025-02-02
1375,160,11,3,UPI,2025-03-12
1376,686,2,5,Net Banking,2024-11-12
1377,606,14,2,Cash,2026-06-03
1378,309,6,3,Cash,2025-06-07
1379,145,14,2,UPI,2025-01-13
1380,72,1,2,Card,2025-07-22
1381,80,14,4,Card,2025-01-16
1382,716,7,1,Net Banking,2024-10-24
1383,82,13,2,UPI,2024-12-05
1384,765,7,3,Net Banking,2025-01-10
1385,279,8,4,Cash,2024-10-16
1386,782,13,5,Card,2024-08-04
1387,949,9,1,Net Banking,2025-12-11
1388,871,4,5,Net Banking,2025-12-11
1389,115,3,4,UPI,2026-05-30
1390,393,3,4,Card,2026-06-24
1391,431,8,4,UPI,2025-07-01
1392,960,6,3,Cash,2024-07-12
1393,536,10,4,UPI,2025-09-22
1394,836,6,1,Card,2025-03-08
1395,766,2,5,Net Banking,2025-04-25
1396,864,9,5,Card,2025-10-05
1397,309,12,3,Cash,2026-05-24
1398,238,6,5,Card,2025-11-19
1399,203,14,3,Cash,2024-08-13
1400,785,10,4,Cash,2025-12-06
1401,174,15,1,Cash,2025-04-05
1402,311,8,4,Card,2024-10-12
1403,58,4,4,Net Banking,2025-10-19
1404,657,14,4,Cash,2026-02-02
1405,535,15,3,Card,2024-10-22
1406,813,4,5,Card,2025-01-21
1407,793,4,5,UPI,2024-12-08
1408,33,15,5,Cash,2024-10-30
1409,487,2,1,UPI,2024-06-28
1410,855,14,5,UPI,2025-12-02
1411,299,2,2,Cash,2026-03-06
1412,577,8,4,Net Banking,2025-10-25
1413,774,16,2,UPI,2025-07-20
1414,259,16,3,Cash,2025-10-05
1415,943,5,3,Net Banking,2024-09-09
1416,328,6,4,Net Banking,2026-01-10
1417,566,1,3,Cash,2025-02-01
1418,980,13,2,Net Banking,2026-03-09
1419,944,4,4,UPI,2025-03-21
1420,272,7,4,Card,2026-02-15
1421,539,6,1,UPI,2024-11-09
1422,762,15,5,UPI,2025-12-18
1423,633,13,3,UPI,2026-06-02
1424,602,1,3,Net Banking,2025-10-23
1425,252,16,3,Net Banking,2024-10-11
1426,462,13,5,Cash,2024-09-06
1427,331,8,2,Cash,2025-02-20
1428,101,1,5,UPI,2026-03-05
1429,39,14,4,Net Banking,2024-09-13
1430,303,15,4,Cash,2025-07-23
1431,100,12,3,UPI,2025-09-26
1432,635,1,5,Net Banking,2024-09-03
1433,590,2,4,Net Banking,2025-10-30
1434,664,12,2,Card,2025-05-05
1435,928,15,5,UPI,2024-06-29
1436,351,15,2,UPI,2025-02-06
1437,888,5,1,Net Banking,2024-09-29
1438,768,8,2,UPI,2026-06-11
1439,430,8,5,Cash,2025-02-19
1440,860,6,1,Net Banking,2026-06-16
1441,834,16,2,Net Banking,2024-08-08
1442,587,10,5,Net Banking,2026-01-23
1443,449,13,1,UPI,2025-01-28
1444,872,5,3,Net Banking,2025-01-08
1445,834,11,3,UPI,2024-12-01
1446,298,6,3,Card,2026-02-24
1447,262,13,3,Card,2025-11-20
1448,363,9,1,UPI,2025-12-03
1449,836,7,5,Card,2026-06-10
1450,968,6,4,Card,2024-09-13
1451,344,1,4,Cash,2024-11-06
1452,567,6,2,UPI,2025-02-05
1453,474,2,4,Net Banking,2026-02-02
1454,762,14,3,Cash,2024-07-14
1455,205,8,2,Card,2025-04-17
1456,5,16,1,UPI,2024-10-16
1457,422,3,3,Net Banking,2026-03-17
1458,439,5,4,UPI,2026-02-12
1459,488,16,2,UPI,2025-09-26
1460,957,5,2,Net Banking,2025-03-03
1461,212,5,5,Card,2025-12-09
1462,37,9,2,Card,2026-06-10
1463,551,12,5,Card,2025-06-11
1464,705,1,4,Net Banking,2024-10-31
1465,847,4,1,Net Banking,2024-11-26
1466,338,11,4,Cash,2026-04-18
1467,243,1,3,UPI,2024-09-09
1468,682,6,4,Cash,2025-09-24
1469,740,12,1,Cash,2026-03-24
1470,909,6,1,Card,2024-07-08
1471,606,11,5,Net Banking,2026-01-25
1472,850,1,4,Cash,2024-06-26
1473,460,2,1,Cash,2024-07-25
1474,151,2,1,UPI,2026-02-15
1475,300,14,3,Net Banking,2025-01-24
1476,79,16,5,UPI,2025-05-06
1477,701,16,3,Net Banking,2024-09-08
1478,992,1,4,Net Banking,2026-03-13
1479,199,8,5,Cash,2025-10-01
1480,33,12,2,Cash,2024-08-05
1481,365,1,2,Net Banking,2025-11-07
1482,123,12,2,Net Banking,2024-08-08
1483,269,3,3,Cash,2025-10-04
1484,776,7,2,Cash,2025-01-05
1485,957,7,4,UPI,2024-07-17
1486,363,3,1,UPI,2024-08-25
1487,122,12,2,Cash,2026-04-07
1488,600,14,5,UPI,2025-12-25
1489,724,6,5,UPI,2025-03-16
1490,742,10,3,Cash,2026-03-01
1491,531,8,3,Cash,2024-07-28
1492,425,4,4,UPI,2025-05-22
1493,75,12,4,Cash,2025-12-29
1494,735,10,5,UPI,2024-12-03
1495,682,6,2,Cash,2026-03-26
1496,437,10,3,Net Banking,2026-06-03
1497,639,10,5,Card,2025-01-12
1498,266,14,3,Card,2025-08-29
1499,249,2,3,Card,2025-04-14
1500,823,10,2,Net Banking,2025-09-19
1501,75,16,3,Net Banking,2024-09-16
1502,970,16,5,Cash,2025-11-28
1503,432,3,2,Net Banking,2025-09-03
1504,905,3,3,Net Banking,2025-11-21
1505,999,5,4,Cash,2026-01-28
1506,575,6,5,Net Banking,2025-06-02
1507,842,12,2,Card,2025-01-07
1508,14,2,1,Net Banking,2024-11-01
1509,409,4,2,UPI,2025-11-15
1510,968,6,3,Card,2026-02-05
1511,899,14,4,Card,2025-12-20
1512,950,15,3,Net Banking,2025-01-07
1513,721,11,5,Cash,2026-06-08
1514,559,13,1,Cash,2025-08-25
1515,152,11,4,Card,2026-06-10
1516,690,11,2,Card,2026-03-24
1517,780,4,3,Net Banking,2025-01-08
1518,581,10,3,Cash,2025-12-15
1519,457,3,4,Cash,2025-08-22
1520,342,10,1,Card,2025-03-24
1521,499,1,2,UPI,2024-08-03
1522,64,16,3,Card,2025-11-28
1523,441,13,5,Card,2025-08-20
1524,37,11,2,Cash,2025-03-27
1525,955,13,4,UPI,2026-01-29
1526,342,7,2,Card,2026-01-04
1527,147,11,3,UPI,2025-04-18
1528,867,12,5,UPI,2026-01-05
1529,578,9,4,Cash,2024-08-30
1530,288,11,5,Net Banking,2025-03-20
1531,118,8,5,Card,2024-12-05
1532,88,1,5,UPI,2024-08-12
1533,909,4,2,UPI,2025-06-26
1534,812,10,2,Card,2024-07-15
1535,185,8,3,Net Banking,2025-02-13
1536,251,15,5,Card,2026-03-16
1537,571,8,3,Net Banking,2025-02-02
1538,379,16,2,Card,2025-12-31
1539,217,7,5,Net Banking,2026-03-13
1540,362,12,1,Net Banking,2024-10-28
1541,622,6,2,Net Banking,2025-11-13
1542,885,2,4,Cash,2026-05-25
1543,541,5,2,UPI,2026-05-21
1544,651,10,2,Net Banking,2024-10-28
1545,444,16,3,Card,2024-11-24
1546,301,3,2,Cash,2025-07-07
1547,66,13,5,Card,2026-06-16
1548,452,2,4,Cash,2026-04-27
1549,508,16,3,Net Banking,2025-07-09
1550,772,8,3,Card,2024-08-25
1551,79,14,1,UPI,2025-05-17
1552,997,4,4,Card,2025-09-05
1553,993,14,4,Card,2025-10-08
1554,85,1,3,Card,2026-03-06
1555,79,10,4,UPI,2024-09-23
1556,775,15,3,UPI,2024-07-01
1557,663,5,4,Cash,2025-01-24
1558,654,15,3,UPI,2024-12-30
1559,42,4,1,Net Banking,2025-12-15
1560,45,11,1,Cash,2025-03-30
1561,545,14,5,Net Banking,2026-03-25
1562,752,1,2,Cash,2025-08-29
1563,442,3,5,Card,2025-05-17
1564,771,14,3,Cash,2026-02-04
1565,540,9,3,Net Banking,2024-08-21
1566,656,9,2,Cash,2025-03-18
1567,755,12,3,UPI,2025-02-01
1568,763,9,5,Cash,2024-12-30
1569,487,11,4,Net Banking,2025-08-18
1570,156,4,1,Cash,2026-06-11
1571,687,16,5,Cash,2025-07-19
1572,268,9,1,Net Banking,2025-04-28
1573,893,10,5,Card,2024-12-28
1574,372,13,2,Card,2025-09-19
1575,340,14,3,UPI,2025-08-31
1576,582,6,5,Cash,2026-06-07
1577,51,1,5,Net Banking,2026-03-21
1578,873,12,3,UPI,2025-09-06
1579,4,3,2,UPI,2025-06-04
1580,900,3,3,Cash,2026-06-03
1581,551,2,3,Cash,2024-12-07
1582,997,6,4,Cash,2025-12-10
1583,148,13,5,Cash,2025-09-12
1584,538,9,3,Cash,2025-03-21
1585,13,9,2,UPI,2026-01-21
1586,266,10,5,Net Banking,2026-05-07
1587,933,6,2,UPI,2024-10-26
1588,410,16,2,UPI,2025-12-26
1589,473,3,3,Card,2024-08-16
1590,427,10,3,Cash,2025-05-01
1591,760,8,2,Net Banking,2024-12-22
1592,646,8,5,Net Banking,2024-10-23
1593,629,14,1,Cash,2025-07-12
1594,51,16,4,UPI,2025-04-08
1595,372,13,4,Card,2024-08-30
1596,278,16,3,Cash,2024-08-25
1597,807,11,5,Net Banking,2025-05-26
1598,746,6,3,Card,2025-09-04
1599,26,7,3,UPI,2025-03-14
1600,945,14,1,Net Banking,2025-04-04
1601,526,1,4,Cash,2026-02-14
1602,318,7,2,Net Banking,2026-01-10
1603,8,3,2,Cash,2024-08-12
1604,970,10,4,Cash,2025-11-13
1605,215,8,5,Net Banking,2025-05-19
1606,85,15,5,UPI,2024-11-22
1607,493,16,4,Cash,2026-03-04
1608,443,1,4,UPI,2026-04-28
1609,334,12,4,UPI,2026-02-06
1610,601,14,2,UPI,2025-04-23
1611,821,5,3,Net Banking,2025-01-29
1612,775,15,5,Cash,2024-11-27
1613,531,14,1,UPI,2025-12-14
1614,541,5,4,UPI,2026-05-15
1615,690,3,4,Card,2025-05-30
1616,311,6,4,UPI,2024-08-18
1617,867,12,1,Cash,2024-09-06
1618,323,7,3,Card,2025-10-28
1619,673,12,4,Net Banking,2025-11-23
1620,931,3,1,UPI,2026-05-03
1621,511,14,4,Cash,2025-01-29
1622,932,12,1,Net Banking,2025-02-01
1623,428,7,2,Card,2025-12-08
1624,884,9,4,Net Banking,2024-10-02
1625,503,9,4,Net Banking,2024-07-29
1626,179,5,4,Card,2025-08-30
1627,30,10,2,Cash,2024-07-03
1628,798,3,4,Card,2025-12-04
1629,886,10,4,Card,2025-06-13
1630,73,14,5,UPI,2026-04-02
1631,346,2,1,Net Banking,2025-07-11
1632,852,5,5,UPI,2025-05-18
1633,550,13,5,Card,2024-08-26
1634,683,13,4,Card,2025-10-13
1635,658,13,3,Card,2025-03-08
1636,921,7,2,UPI,2025-04-26
1637,856,1,5,Cash,2024-10-21
1638,384,5,5,Card,2025-09-14
1639,208,11,1,Card,2025-05-20
1640,926,3,1,Card,2025-12-24
1641,732,3,2,Cash,2026-03-10
1642,25,2,2,Card,2025-03-25
1643,730,14,4,Net Banking,2025-07-12
1644,277,15,3,Net Banking,2025-09-19
1645,118,6,1,Card,2026-04-20
1646,365,6,5,Net Banking,2025-09-27
1647,122,8,2,Cash,2024-09-21
1648,681,15,5,Card,2025-06-03
1649,921,8,5,UPI,2026-05-29
1650,290,9,2,Card,2026-05-29
1651,945,9,1,Cash,2025-05-05
1652,632,7,3,UPI,2025-07-13
1653,753,12,5,UPI,2025-07-02
1654,799,4,4,UPI,2024-09-09
1655,452,3,2,Cash,2025-03-25
1656,885,1,2,Card,2025-09-30
1657,711,13,5,UPI,2025-10-12
1658,51,2,3,UPI,2025-12-24
1659,171,6,3,Cash,2025-10-28
1660,594,6,5,Net Banking,2025-04-30
1661,565,12,5,Net Banking,2026-02-17
1662,110,5,4,Net Banking,2026-03-10
1663,575,10,5,Cash,2024-07-17
1664,715,4,1,UPI,2025-11-15
1665,631,16,5,Net Banking,2026-04-18
1666,154,13,2,Cash,2025-11-06
1667,399,11,2,Cash,2024-07-08
1668,274,16,5,Net Banking,2025-03-25
1669,225,3,5,Net Banking,2026-04-15
1670,902,13,1,UPI,2025-10-13
1671,154,9,5,Net Banking,2026-01-04
1672,998,9,4,UPI,2024-08-21
1673,386,10,4,Net Banking,2025-05-07
1674,619,9,3,Cash,2026-04-26
1675,410,7,1,Net Banking,2025-07-16
1676,406,11,5,Net Banking,2026-01-16
1677,455,3,4,Card,2024-08-01
1678,387,13,1,Cash,2025-04-21
1679,154,16,1,Net Banking,2025-10-02
1680,217,13,4,Net Banking,2025-07-20
1681,971,13,5,UPI,2026-03-02
1682,274,1,1,Card,2024-09-25
1683,182,6,3,Card,2025-09-16
1684,218,9,1,Cash,2024-12-10
1685,519,12,3,Card,2026-05-09
1686,276,2,1,Cash,2024-10-05
1687,678,6,5,UPI,2025-04-15
1688,570,5,3,Net Banking,2024-07-04
1689,394,11,3,Card,2026-02-14
1690,302,11,1,Card,2025-08-21
1691,297,13,5,UPI,2025-04-12
1692,939,13,2,Cash,2025-05-16
1693,890,3,2,UPI,2024-07-11
1694,362,15,5,Card,2024-09-03
1695,977,16,1,UPI,2025-09-13
1696,145,1,2,UPI,2026-01-07
1697,507,11,3,UPI,2025-07-11
1698,671,2,1,UPI,2025-01-22
1699,557,9,5,Net Banking,2025-07-13
1700,256,2,3,UPI,2025-08-04
1701,781,15,3,Net Banking,2024-06-27
1702,508,14,3,Cash,2026-01-22
1703,456,12,5,UPI,2026-04-01
1704,112,5,3,UPI,2025-11-29
1705,119,5,1,Net Banking,2024-08-23
1706,221,9,4,Cash,2024-09-16
1707,615,8,3,Cash,2025-10-23
1708,447,11,1,Net Banking,2025-02-05
1709,778,4,4,Net Banking,2024-09-10
1710,948,1,5,Cash,2026-04-26
1711,787,7,5,Card,2025-08-06
1712,662,1,4,Cash,2024-07-03
1713,479,16,1,Cash,2025-06-12
1714,100,4,1,Card,2025-07-11
1715,94,9,3,UPI,2024-09-07
1716,599,15,1,Card,2024-09-30
1717,348,16,5,UPI,2024-07-15
1718,994,8,4,Card,2025-07-01
1719,883,4,2,Card,2025-09-22
1720,430,6,4,Net Banking,2025-10-03
1721,450,15,3,Card,2024-11-15
1722,346,5,3,Net Banking,2025-06-26
1723,35,4,5,UPI,2025-07-31
1724,701,6,3,UPI,2024-09-15
1725,909,1,2,Net Banking,2026-05-04
1726,36,2,2,Card,2026-01-20
1727,992,1,5,Cash,2025-11-02
1728,569,5,5,Cash,2025-12-03
1729,295,1,3,UPI,2026-03-10
1730,663,13,5,Cash,2025-10-11
1731,711,2,1,Card,2025-12-10
1732,599,14,5,Cash,2026-04-09
1733,782,2,4,Cash,2025-10-28
1734,162,2,3,Cash,2026-02-10
1735,330,10,3,UPI,2025-11-25
1736,48,13,1,Net Banking,2025-08-15
1737,357,9,3,UPI,2025-09-13
1738,105,12,3,Card,2025-01-19
1739,54,15,4,Net Banking,2025-10-24
1740,953,12,4,UPI,2024-07-08
1741,584,11,2,Net Banking,2026-05-09
1742,412,4,5,Cash,2025-01-03
1743,711,10,2,Cash,2026-06-10
1744,364,1,4,Net Banking,2026-03-26
1745,764,11,4,Cash,2024-12-05
1746,610,2,1,Card,2024-12-18
1747,510,6,2,Net Banking,2024-10-28
1748,946,6,1,Net Banking,2025-10-04
1749,753,16,5,Card,2024-10-28
1750,158,6,5,UPI,2025-12-18
1751,756,4,4,Net Banking,2026-01-29
1752,390,15,3,Cash,2025-02-22
1753,271,4,5,Cash,2024-10-10
1754,764,6,5,Cash,2026-06-07
1755,557,8,4,UPI,2026-05-08
1756,468,11,2,Cash,2024-11-28
1757,689,11,1,Cash,2024-09-08
1758,91,12,5,Cash,2024-08-16
1759,34,16,2,Net Banking,2024-07-01
1760,520,8,5,Net Banking,2026-04-07
1761,783,4,2,Card,2025-12-25
1762,118,16,5,Card,2025-09-22
1763,926,12,5,Net Banking,2025-05-18
1764,235,1,4,Net Banking,2026-04-02
1765,837,6,1,Card,2025-04-24
1766,977,15,1,Cash,2024-09-14
1767,210,2,5,Card,2024-07-17
1768,367,3,1,UPI,2025-07-18
1769,348,7,3,Cash,2025-06-24
1770,18,14,2,Cash,2024-09-14
1771,839,2,5,UPI,2025-11-07
1772,865,8,2,Net Banking,2025-02-04
1773,349,14,3,Net Banking,2026-04-05
1774,659,5,3,UPI,2025-06-16
1775,286,7,3,UPI,2026-05-20
1776,254,15,2,Net Banking,2026-05-31
1777,60,16,5,Card,2025-06-28
1778,485,10,4,Card,2026-05-13
1779,923,16,4,Net Banking,2024-09-06
1780,878,15,4,Net Banking,2025-12-09
1781,129,9,4,Net Banking,2026-04-05
1782,304,2,4,Card,2024-07-29
1783,463,12,5,UPI,2025-10-01
1784,134,12,2,Cash,2024-09-04
1785,452,11,4,UPI,2026-05-21
1786,238,11,4,UPI,2024-09-03
1787,752,7,3,Cash,2024-11-14
1788,533,6,5,Card,2025-04-30
1789,616,16,1,Net Banking,2025-10-19
1790,917,3,2,Card,2024-11-08
1791,403,2,2,Card,2025-01-05
1792,307,14,4,UPI,2026-05-15
1793,208,3,3,UPI,2025-09-02
1794,447,12,5,Cash,2026-06-10
1795,489,2,5,Net Banking,2024-06-28
1796,515,1,4,UPI,2026-04-23
1797,383,8,5,Net Banking,2025-12-26
1798,437,16,5,Cash,2026-04-25
1799,699,12,3,UPI,2026-06-01
1800,65,11,5,Net Banking,2026-06-03
1801,429,2,3,Cash,2025-11-18
1802,585,14,5,Cash,2026-03-20
1803,333,10,5,UPI,2025-06-18
1804,295,15,2,Cash,2024-10-27
1805,758,12,1,Net Banking,2026-04-10
1806,631,16,5,Cash,2025-05-25
1807,350,9,3,UPI,2025-09-21
1808,48,7,5,Card,2025-05-25
1809,245,11,5,Card,2025-05-13
1810,602,10,4,Cash,2024-06-28
1811,38,12,2,UPI,2025-08-15
1812,822,14,4,Cash,2024-09-17
1813,197,11,3,Card,2025-11-14
1814,551,7,4,Net Banking,2025-06-03
1815,26,5,5,Card,2024-10-23
1816,493,7,5,Cash,2025-12-20
1817,761,3,1,Card,2025-11-19
1818,325,5,1,UPI,2025-03-26
1819,337,3,3,Cash,2025-10-30
1820,447,15,2,Cash,2026-01-19
1821,390,10,1,UPI,2025-06-26
1822,937,11,2,Cash,2024-08-30
1823,616,3,1,Card,2024-11-12
1824,787,15,2,UPI,2024-09-21
1825,103,8,5,Card,2025-06-03
1826,813,2,1,Cash,2026-02-13
1827,673,10,1,UPI,2026-05-23
1828,779,10,3,Cash,2024-07-28
1829,658,1,1,Cash,2025-08-06
1830,272,14,3,Net Banking,2024-12-19
1831,75,13,1,Card,2024-12-09
1832,964,14,1,Card,2025-11-02
1833,671,11,5,Net Banking,2025-07-11
1834,16,3,4,UPI,2025-08-02
1835,270,1,5,Card,2025-08-07
1836,803,12,5,Card,2026-03-07
1837,566,7,2,UPI,2024-12-29
1838,986,11,5,UPI,2024-09-13
1839,863,8,4,Card,2025-03-04
1840,81,5,5,Card,2024-12-24
1841,903,14,5,UPI,2025-08-13
1842,966,11,4,Card,2026-02-15
1843,816,15,2,Card,2026-01-13
1844,210,9,1,Cash,2025-06-01
1845,315,11,1,Cash,2026-02-25
1846,177,13,3,Cash,2024-12-09
1847,836,13,1,Cash,2026-05-31
1848,821,13,3,Cash,2025-10-31
1849,483,3,5,Cash,2025-11-09
1850,64,4,4,Card,2024-12-02
1851,80,2,1,Net Banking,2024-08-08
1852,992,8,4,Card,2024-10-04
1853,80,15,2,Cash,2025-05-02
1854,177,14,3,UPI,2024-10-20
1855,301,10,4,Cash,2026-03-24
1856,380,3,1,Net Banking,2024-08-29
1857,236,13,2,Cash,2025-03-18
1858,637,8,3,UPI,2025-02-07
1859,786,7,5,Net Banking,2025-09-30
1860,840,9,2,Cash,2025-11-20
1861,833,3,2,Card,2025-04-19
1862,474,2,5,Card,2024-08-09
1863,875,15,3,Card,2024-07-18
1864,160,13,2,UPI,2024-08-25
1865,184,9,2,Net Banking,2024-10-20
1866,760,12,1,Cash,2025-10-31
1867,559,10,2,UPI,2024-08-14
1868,720,9,2,UPI,2025-08-27
1869,972,1,4,Net Banking,2025-09-14
1870,473,1,4,Net Banking,2024-10-16
1871,44,6,3,Card,2025-07-18
1872,42,1,3,Card,2024-09-20
1873,410,11,5,Cash,2024-08-06
1874,655,2,2,Card,2025-08-23
1875,495,3,1,Net Banking,2025-05-11
1876,105,10,4,UPI,2025-07-24
1877,944,1,5,UPI,2025-05-29
1878,162,14,3,Net Banking,2025-08-13
1879,967,15,1,Card,2024-10-17
1880,647,9,2,Net Banking,2024-11-27
1881,708,13,1,Net Banking,2024-07-23
1882,744,14,4,Card,2026-03-07
1883,701,15,2,Card,2026-05-07
1884,16,9,1,Net Banking,2025-05-03
1885,871,3,5,Cash,2024-11-11
1886,329,15,3,UPI,2025-01-27
1887,954,1,5,UPI,2025-03-23
1888,114,11,1,Cash,2024-10-30
1889,591,1,5,Card,2025-11-30
1890,982,13,2,Cash,2025-01-02
1891,819,2,4,Card,2025-03-01
1892,293,9,2,Cash,2026-04-06
1893,806,6,3,Card,2025-02-17
1894,976,16,3,Net Banking,2025-10-23
1895,182,13,3,Cash,2026-06-19
1896,195,5,4,Card,2025-10-27
1897,471,16,1,Cash,2026-05-14
1898,738,14,3,Card,2025-12-11
1899,999,3,4,Net Banking,2025-08-13
1900,558,13,5,Cash,2025-07-25
1901,543,5,2,Net Banking,2024-10-10
1902,670,5,2,Card,2025-07-23
1903,937,13,4,Net Banking,2024-12-20
1904,214,15,5,UPI,2025-11-05
1905,239,12,1,Net Banking,2024-10-02
1906,738,11,2,Net Banking,2026-03-12
1907,179,2,2,Card,2026-04-12
1908,463,3,1,Cash,2024-08-12
1909,572,14,4,Card,2026-03-07
1910,948,12,4,UPI,2025-05-20
1911,925,11,5,Cash,2025-07-23
1912,401,11,4,Cash,2024-11-13
1913,243,4,2,Card,2026-02-25
1914,443,11,2,Card,2025-07-09
1915,110,16,2,Cash,2024-08-21
1916,195,2,4,Card,2025-01-04
1917,951,14,1,UPI,2026-05-24
1918,545,5,4,Cash,2025-10-27
1919,367,9,1,Cash,2025-10-21
1920,4,6,2,Net Banking,2024-09-16
1921,970,6,1,Cash,2024-09-20
1922,67,7,4,Net Banking,2024-06-28
1923,947,6,5,UPI,2025-01-04
1924,144,8,5,UPI,2024-07-22
1925,455,1,4,Net Banking,2025-10-31
1926,568,16,4,UPI,2025-08-24
1927,330,7,2,Card,2025-04-10
1928,733,14,4,UPI,2024-12-06
1929,503,15,1,Net Banking,2024-09-01
1930,190,12,4,Card,2024-12-20
1931,923,11,3,Net Banking,2025-04-09
1932,573,12,2,UPI,2026-02-13
1933,752,11,4,UPI,2025-04-10
1934,990,6,5,UPI,2024-07-29
1935,509,7,1,Cash,2025-06-15
1936,402,13,1,Cash,2026-05-04
1937,648,13,3,Net Banking,2025-09-27
1938,463,7,5,UPI,2025-06-19
1939,527,10,5,UPI,2026-04-09
1940,702,10,3,Cash,2025-10-16
1941,847,13,2,Cash,2024-08-18
1942,858,16,4,Cash,2025-12-18
1943,524,9,5,Cash,2024-07-15
1944,773,15,3,Cash,2026-05-29
1945,978,9,4,UPI,2025-12-03
1946,753,11,3,UPI,2025-07-15
1947,172,6,1,Net Banking,2024-12-08
1948,218,16,3,Cash,2024-07-17
1949,697,13,3,Card,2025-10-31
1950,695,16,3,Card,2026-05-13
1951,84,2,3,Card,2025-03-27
1952,939,13,1,Card,2024-10-27
1953,446,1,3,Cash,2024-09-07
1954,364,16,5,Net Banking,2026-02-11
1955,618,3,3,Cash,2025-08-05
1956,715,11,4,Net Banking,2025-06-29
1957,759,6,2,Cash,2026-05-03
1958,270,9,2,Net Banking,2025-06-11
1959,855,11,2,Net Banking,2025-03-31
1960,34,11,5,Cash,2025-08-10
1961,697,10,4,Card,2025-06-08
1962,297,15,5,Cash,2025-12-22
1963,102,2,1,Card,2025-07-31
1964,67,12,4,Net Banking,2024-09-05
1965,298,11,4,Net Banking,2025-07-27
1966,838,2,3,UPI,2025-12-25
1967,219,5,2,UPI,2024-07-12
1968,125,13,5,Card,2024-09-11
1969,928,13,1,Card,2026-05-17
1970,653,7,2,Cash,2024-11-09
1971,72,16,4,Card,2025-02-22
1972,531,4,2,Cash,2025-11-30
1973,680,9,2,Card,2024-10-02
1974,284,1,5,Cash,2025-06-21
1975,265,9,5,UPI,2025-10-29
1976,28,13,1,Card,2025-06-06
1977,193,13,2,Card,2024-11-14
1978,463,2,2,Card,2025-12-18
1979,867,10,3,Net Banking,2024-12-16
1980,618,11,2,UPI,2025-01-12
1981,148,3,4,Net Banking,2026-04-28
1982,428,8,5,Net Banking,2026-04-07
1983,177,15,1,Cash,2025-11-28
1984,865,9,5,UPI,2024-07-25
1985,788,3,2,Card,2025-12-27
1986,654,7,4,UPI,2025-12-16
1987,846,8,1,Card,2024-08-08
1988,288,5,4,Cash,2025-04-07
1989,127,13,1,Cash,2025-10-24
1990,985,13,1,Card,2025-12-10
1991,756,10,3,UPI,2025-05-20
1992,787,9,5,Net Banking,2025-04-25
1993,805,5,4,Net Banking,2026-01-06
1994,403,15,1,Cash,2025-07-22
1995,863,14,3,Cash,2026-05-24
1996,423,1,2,UPI,2024-06-25
1997,743,6,1,Card,2025-01-06
1998,187,11,2,Net Banking,2024-10-25
1999,884,1,3,Card,2025-04-11
2000,986,11,5,Net Banking,2024-08-02
2001,812,5,1,UPI,2026-05-04
2002,627,15,5,Card,2026-01-03
2003,776,13,1,Cash,2024-08-24
2004,877,7,3,UPI,2025-12-21
2005,299,14,1,Card,2024-12-14
2006,241,6,5,UPI,2024-11-08
2007,716,4,5,Cash,2025-04-30
2008,896,3,2,UPI,2025-11-22
2009,414,2,2,Cash,2024-09-07
2010,133,4,5,Net Banking,2024-10-06
2011,397,12,1,UPI,2024-09-11
2012,556,1,1,Cash,2024-10-24
2013,93,15,1,Net Banking,2025-05-06
2014,953,8,4,UPI,2024-07-15
2015,851,6,4,Card,2026-03-12
2016,983,16,2,UPI,2025-08-31
2017,423,12,2,Net Banking,2025-04-05
2018,470,11,2,Card,2026-01-24
2019,265,12,4,Net Banking,2024-11-30
2020,593,16,1,Card,2026-02-25
2021,783,11,4,Net Banking,2024-10-22
2022,149,2,5,Net Banking,2025-09-30
2023,754,16,3,UPI,2025-03-03
2024,677,5,3,Net Banking,2024-06-26
2025,455,7,3,Cash,2025-08-03
2026,877,3,2,Net Banking,2026-02-05
2027,545,4,4,UPI,2024-10-14
2028,288,7,2,Net Banking,2024-09-25
2029,284,14,5,UPI,2026-03-04
2030,976,2,2,Card,2024-07-02
2031,332,6,2,Net Banking,2025-09-14
2032,478,14,2,UPI,2025-05-30
2033,153,16,5,UPI,2026-03-01
2034,105,13,1,UPI,2025-05-29
2035,779,3,1,UPI,2025-08-25
2036,87,8,3,Card,2025-08-16
2037,5,3,1,UPI,2025-08-07
2038,810,8,3,Cash,2025-06-05
2039,600,13,1,Cash,2025-11-26
2040,158,14,4,Card,2026-02-10
2041,3,1,4,Cash,2025-03-02
2042,703,16,3,UPI,2025-08-17
2043,298,10,1,Card,2025-08-25
2044,787,5,2,UPI,2025-08-17
2045,691,12,4,Card,2025-07-03
2046,459,6,5,Cash,2024-07-23
2047,858,11,2,Card,2026-01-18
2048,882,9,3,Card,2025-07-15
2049,192,6,5,Cash,2025-11-20
2050,893,15,5,Card,2025-11-16
2051,845,4,5,Net Banking,2025-09-10
2052,381,4,5,Cash,2025-06-06
2053,373,8,2,UPI,2025-09-25
2054,63,4,4,Card,2026-02-06
2055,374,10,5,Card,2026-06-18
2056,759,14,4,Net Banking,2025-01-23
2057,766,6,2,UPI,2026-01-13
2058,374,9,5,Card,2025-10-28
2059,932,13,2,Card,2025-06-29
2060,585,13,3,UPI,2025-04-26
2061,585,16,4,Net Banking,2024-08-12
2062,480,9,4,UPI,2025-09-22
2063,377,2,2,Net Banking,2026-05-26
2064,856,4,2,UPI,2026-04-30
2065,427,7,2,UPI,2026-02-21
2066,643,4,3,Net Banking,2026-04-10
2067,114,12,1,Net Banking,2026-05-12
2068,268,15,4,Net Banking,2025-08-06
2069,201,2,5,Card,2026-04-10
2070,639,16,1,Card,2026-06-15
2071,339,6,3,UPI,2025-07-23
2072,380,12,5,Cash,2025-07-21
2073,759,6,2,UPI,2026-06-05
2074,538,1,5,Cash,2024-12-14
2075,667,16,2,Cash,2025-08-12
2076,312,7,2,Card,2024-06-25
2077,228,6,1,Net Banking,2025-08-18
2078,608,12,4,UPI,2025-09-05
2079,956,8,5,UPI,2025-10-09
2080,146,2,2,Card,2025-11-24
2081,991,8,1,Cash,2024-08-22
2082,669,3,1,Net Banking,2025-09-16
2083,779,13,1,Net Banking,2025-02-23
2084,195,11,4,UPI,2025-08-31
2085,281,4,2,UPI,2025-08-29
2086,251,2,4,Card,2026-04-19
2087,491,14,3,UPI,2026-01-24
2088,92,15,4,Card,2025-08-11
2089,327,14,4,UPI,2026-06-23
2090,54,14,5,Cash,2024-09-27
2091,311,9,1,UPI,2025-04-26
2092,505,3,3,UPI,2024-11-22
2093,747,11,5,UPI,2025-06-03
2094,312,5,5,Cash,2026-04-17
2095,802,2,2,Net Banking,2026-04-04
2096,22,3,4,Card,2026-03-10
2097,459,13,5,Net Banking,2024-09-09
2098,147,1,2,Cash,2026-06-13
2099,16,15,4,Net Banking,2025-01-05
2100,572,4,2,UPI,2025-01-22
2101,695,6,3,Net Banking,2024-11-10
2102,557,6,4,Cash,2026-02-26
2103,611,12,5,Net Banking,2024-08-30
2104,535,9,3,Card,2026-01-18
2105,238,10,2,Net Banking,2025-10-31
2106,64,7,5,Card,2025-07-20
2107,941,15,2,UPI,2025-03-16
2108,337,8,4,Net Banking,2024-09-30
2109,911,3,5,Cash,2024-10-06
2110,305,16,4,Cash,2025-03-13
2111,216,16,2,Net Banking,2024-06-27
2112,111,13,3,Net Banking,2024-10-23
2113,427,3,1,Cash,2025-10-18
2114,444,4,4,Cash,2026-02-11
2115,749,7,3,Card,2024-11-04
2116,301,6,4,Cash,2025-09-10
2117,52,15,1,Cash,2024-12-16
2118,225,11,4,Cash,2024-12-25
2119,675,16,4,Net Banking,2025-03-28
2120,90,8,4,Card,2024-07-02
2121,84,14,2,Net Banking,2025-12-25
2122,137,3,3,Cash,2024-09-11
2123,827,10,3,Card,2026-01-13
2124,365,10,1,Cash,2026-06-24
2125,522,2,3,UPI,2025-05-10
2126,186,5,2,Net Banking,2026-02-01
2127,552,9,1,Net Banking,2024-08-04
2128,481,15,5,UPI,2025-03-03
2129,902,12,4,Card,2024-08-02
2130,99,2,3,Card,2026-05-23
2131,831,11,5,UPI,2024-09-10
2132,705,5,5,UPI,2025-09-27
2133,361,13,3,Cash,2024-11-05
2134,450,9,1,UPI,2025-08-10
2135,652,15,4,Cash,2024-09-28
2136,845,11,3,Cash,2025-05-31
2137,23,3,3,UPI,2025-11-13
2138,908,14,2,UPI,2025-12-08
2139,127,9,5,Net Banking,2025-08-23
2140,193,12,2,Net Banking,2025-11-06
2141,451,5,2,UPI,2025-11-29
2142,50,11,2,Net Banking,2025-10-19
2143,473,12,1,Net Banking,2026-03-09
2144,78,14,1,Card,2025-11-19
2145,734,12,3,Card,2026-04-29
2146,419,9,4,Cash,2025-03-27
2147,247,1,3,Cash,2025-06-16
2148,24,16,3,Cash,2025-02-06
2149,950,10,5,Net Banking,2026-01-03
2150,598,16,3,UPI,2025-03-20
2151,201,4,4,UPI,2025-12-05
2152,124,6,5,UPI,2025-06-19
2153,362,8,5,Net Banking,2024-07-15
2154,914,6,3,Card,2024-07-10
2155,796,6,5,Cash,2024-12-14
2156,789,16,2,UPI,2025-01-14
2157,700,3,5,Net Banking,2026-02-17
2158,337,8,1,Net Banking,2026-03-12
2159,74,6,2,Net Banking,2025-12-02
2160,781,16,4,Card,2026-03-07
2161,845,13,2,Cash,2025-06-20
2162,648,3,5,Cash,2025-11-26
2163,902,16,4,Cash,2025-09-21
2164,823,8,3,Net Banking,2024-07-01
2165,617,6,4,Card,2025-08-02
2166,27,16,4,Cash,2025-02-18
2167,385,13,3,Cash,2026-03-17
2168,979,3,1,UPI,2024-12-26
2169,669,10,1,Cash,2024-11-28
2170,905,10,2,UPI,2025-04-09
2171,536,6,1,Card,2025-10-14
2172,730,14,1,Card,2024-08-01
2173,862,13,5,Cash,2025-08-12
2174,764,1,3,UPI,2026-01-20
2175,334,13,5,Cash,2025-05-09
2176,995,2,5,Cash,2025-11-20
2177,970,11,5,UPI,2024-07-19
2178,985,9,2,UPI,2024-10-08
2179,695,3,4,UPI,2025-05-21
2180,780,9,4,Cash,2026-03-18
2181,167,1,4,UPI,2025-07-29
2182,290,4,4,Card,2024-07-27
2183,417,7,5,Net Banking,2026-05-30
2184,278,1,3,Cash,2024-11-27
2185,853,3,5,Cash,2024-09-08
2186,675,4,4,Net Banking,2024-09-22
2187,315,11,4,UPI,2024-11-03
2188,96,8,4,UPI,2025-06-30
2189,282,3,5,Cash,2025-09-02
2190,84,15,1,Cash,2026-06-15
2191,8,16,3,Net Banking,2025-03-04
2192,620,4,1,Net Banking,2025-08-19
2193,424,15,2,Card,2025-07-16
2194,501,15,4,Card,2025-01-13
2195,225,13,3,Card,2025-09-20
2196,660,12,2,Card,2026-02-15
2197,134,8,1,Cash,2025-08-28
2198,670,14,5,UPI,2025-09-24
2199,647,6,3,Card,2026-04-19
2200,420,15,3,Cash,2024-10-21
2201,937,16,3,Net Banking,2026-02-26
2202,297,10,3,Net Banking,2025-11-20
2203,850,13,3,UPI,2026-06-03
2204,384,6,5,Cash,2024-07-20
2205,27,13,3,Cash,2026-04-08
2206,386,1,3,Card,2025-06-03
2207,234,9,3,UPI,2025-09-01
2208,387,14,4,Card,2024-09-13
2209,610,15,4,Net Banking,2025-01-08
2210,134,13,5,Card,2025-12-26
2211,915,3,4,Net Banking,2025-06-11
2212,330,10,5,Card,2026-02-28
2213,922,15,3,Net Banking,2025-11-15
2214,64,11,3,Card,2026-03-03
2215,709,2,1,Cash,2025-11-09
2216,386,9,4,UPI,2024-11-26
2217,399,14,4,UPI,2025-07-15
2218,380,12,5,Cash,2025-11-27
2219,221,14,3,Net Banking,2025-07-13
2220,392,11,5,Net Banking,2025-11-23
2221,205,6,4,Card,2024-09-27
2222,4,5,3,Card,2025-10-14
2223,88,1,3,Net Banking,2026-02-11
2224,101,2,2,Cash,2025-12-08
2225,108,4,4,UPI,2026-02-24
2226,346,5,4,Net Banking,2025-10-09
2227,769,3,2,Net Banking,2025-05-10
2228,890,1,2,Cash,2025-12-12
2229,30,5,3,UPI,2026-01-30
2230,130,5,3,Cash,2026-03-07
2231,388,14,2,UPI,2025-12-14
2232,561,4,3,Net Banking,2025-05-21
2233,977,15,5,UPI,2025-07-12
2234,244,11,3,Cash,2025-11-16
2235,797,2,3,Card,2025-03-08
2236,577,5,1,Card,2025-01-24
2237,586,3,2,UPI,2026-01-08
2238,289,10,2,Cash,2026-06-07
2239,105,3,1,Card,2025-09-29
2240,339,9,4,Net Banking,2025-09-06
2241,883,5,1,Card,2025-09-23
2242,330,2,3,Cash,2024-08-03
2243,676,6,5,Net Banking,2025-04-22
2244,929,16,5,Net Banking,2024-07-17
2245,47,11,1,UPI,2026-06-10
2246,593,12,1,Net Banking,2025-06-28
2247,565,13,2,UPI,2025-04-19
2248,159,12,4,UPI,2025-05-21
2249,650,2,3,Card,2025-04-01
2250,874,10,1,Cash,2025-06-21
2251,830,1,4,Net Banking,2026-03-11
2252,512,3,2,Net Banking,2026-04-05
2253,47,13,4,Net Banking,2026-04-30
2254,36,2,2,Card,2025-02-11
2255,938,5,4,Cash,2026-01-25
2256,626,6,3,Card,2025-11-10
2257,357,13,2,Cash,2025-09-14
2258,919,8,2,Cash,2025-09-16
2259,15,4,1,UPI,2025-11-29
2260,866,13,2,Cash,2024-11-08
2261,315,10,1,Cash,2026-04-02
2262,540,8,1,Net Banking,2025-04-11
2263,144,6,1,Net Banking,2024-10-15
2264,844,10,4,Cash,2025-10-29
2265,105,10,3,Cash,2026-06-03
2266,396,16,5,Cash,2025-08-30
2267,812,2,2,UPI,2025-01-22
2268,675,6,1,UPI,2025-03-03
2269,404,8,2,Net Banking,2026-03-29
2270,661,3,2,Card,2026-02-11
2271,533,11,3,Net Banking,2026-01-29
2272,757,10,1,Card,2026-04-14
2273,207,10,3,Net Banking,2026-02-27
2274,434,13,5,UPI,2024-12-02
2275,3,3,4,Cash,2025-04-19
2276,337,10,4,Net Banking,2024-07-06
2277,871,1,5,Cash,2025-08-06
2278,621,15,4,Cash,2026-06-04
2279,36,3,3,Cash,2024-08-31
2280,345,10,4,UPI,2025-04-10
2281,608,13,4,Net Banking,2026-06-08
2282,909,10,2,Net Banking,2025-10-22
2283,737,9,5,Card,2025-04-14
2284,114,5,5,Card,2025-05-02
2285,323,13,2,Card,2024-07-11
2286,476,3,3,Cash,2024-07-10
2287,804,9,1,Cash,2025-02-02
2288,415,8,4,Cash,2026-05-21
2289,803,7,4,Card,2025-10-09
2290,670,16,1,UPI,2024-08-15
2291,952,8,3,UPI,2024-07-30
2292,915,4,4,Card,2025-02-27
2293,845,4,2,Card,2025-09-17
2294,596,10,5,Net Banking,2024-10-25
2295,626,1,2,Card,2026-01-22
2296,629,3,3,UPI,2024-11-12
2297,185,7,3,UPI,2026-02-03
2298,206,16,1,Card,2024-07-09
2299,416,2,1,UPI,2024-08-31
2300,682,8,1,Card,2024-12-29
2301,801,4,5,Card,2025-05-27
2302,481,11,2,Net Banking,2024-09-10
2303,65,7,1,Net Banking,2025-02-17
2304,325,9,1,Net Banking,2025-05-29
2305,648,6,2,Card,2026-06-10
2306,814,9,1,Cash,2025-10-31
2307,324,5,5,UPI,2025-04-07
2308,896,10,5,UPI,2026-03-25
2309,273,5,5,Card,2024-07-19
2310,234,8,4,Card,2025-09-07
2311,88,4,1,Card,2026-05-05
2312,948,15,1,Card,2026-03-11
2313,327,11,4,Card,2025-05-22
2314,5,14,4,Net Banking,2026-04-04
2315,481,4,4,Net Banking,2025-04-17
2316,806,14,3,UPI,2024-08-29
2317,52,9,2,Card,2026-03-08
2318,24,15,3,Net Banking,2026-03-24
2319,603,12,3,Net Banking,2026-06-10
2320,8,9,2,UPI,2025-01-28
2321,396,2,4,UPI,2025-04-19
2322,109,11,1,Cash,2025-06-15
2323,292,3,1,Cash,2025-09-10
2324,987,2,3,Card,2025-04-22
2325,638,10,1,Card,2024-07-23
2326,215,12,5,UPI,2025-12-19
2327,604,5,5,Net Banking,2024-11-23
2328,776,14,3,Net Banking,2025-11-10
2329,423,12,2,Cash,2024-12-02
2330,190,5,2,Net Banking,2026-03-30
2331,626,14,2,Card,2024-08-30
2332,697,3,3,Cash,2026-06-10
2333,201,1,1,Cash,2025-05-19
2334,372,8,5,Card,2024-07-04
2335,111,12,5,UPI,2025-06-23
2336,868,9,3,Cash,2025-12-27
2337,31,12,2,Net Banking,2024-11-27
2338,617,9,3,Cash,2026-05-01
2339,495,12,2,Net Banking,2024-08-21
2340,499,16,2,Net Banking,2024-08-24
2341,797,9,3,Card,2025-02-18
2342,266,4,4,Net Banking,2025-10-30
2343,957,3,2,Net Banking,2025-05-05
2344,724,10,4,UPI,2025-10-22
2345,586,16,4,UPI,2025-10-07
2346,967,11,3,Card,2026-06-13
2347,45,12,1,Cash,2025-05-20
2348,903,3,3,Cash,2025-07-22
2349,429,4,2,UPI,2025-07-25
2350,895,11,5,Cash,2025-01-22
2351,809,10,4,Card,2024-09-11
2352,276,13,5,UPI,2024-09-03
2353,800,9,5,Cash,2026-02-15
2354,441,8,4,Cash,2026-01-05
2355,781,11,5,UPI,2026-06-02
2356,941,2,3,Cash,2025-08-27
2357,309,12,4,Card,2024-10-23
2358,640,13,2,Cash,2026-04-16
2359,28,2,5,Net Banking,2025-04-25
2360,248,12,4,Card,2025-09-01
2361,310,8,5,UPI,2024-10-17
2362,673,9,5,Net Banking,2025-05-03
2363,160,14,2,Net Banking,2026-05-24
2364,270,5,4,Cash,2025-09-08
2365,561,14,2,UPI,2025-02-17
2366,575,4,1,Net Banking,2024-08-29
2367,126,6,3,Net Banking,2025-01-18
2368,561,6,2,UPI,2024-07-19
2369,976,15,2,Cash,2024-07-29
2370,1000,13,1,Net Banking,2025-10-28
2371,421,11,5,Net Banking,2024-11-24
2372,973,6,3,UPI,2026-04-17
2373,441,1,2,Net Banking,2026-01-21
2374,774,8,5,Cash,2025-04-28
2375,291,16,2,Cash,2025-06-19
2376,465,7,5,Net Banking,2024-08-27
2377,698,10,3,Cash,2025-10-29
2378,725,15,3,Card,2026-05-01
2379,376,1,4,Card,2024-07-26
2380,658,15,2,UPI,2025-05-15
2381,837,7,1,UPI,2024-11-07
2382,97,2,4,Card,2026-06-01
2383,310,8,3,Card,2025-01-03
2384,599,11,5,UPI,2024-08-24
2385,522,3,5,Cash,2025-09-15
2386,466,1,4,Cash,2024-12-30
2387,863,11,2,Cash,2025-08-13
2388,71,7,1,UPI,2025-12-30
2389,466,13,1,UPI,2025-12-08
2390,399,10,4,Net Banking,2025-12-31
2391,133,13,1,UPI,2025-06-19
2392,503,2,3,Cash,2025-03-30
2393,360,14,5,UPI,2026-02-15
2394,829,7,2,Cash,2024-09-02
2395,176,4,2,Cash,2025-11-16
2396,120,4,5,Cash,2024-12-19
2397,140,9,5,Net Banking,2026-05-12
2398,384,8,1,Card,2025-03-09
2399,480,14,5,Net Banking,2025-11-15
2400,156,7,2,UPI,2025-06-05
2401,910,12,1,Cash,2024-09-14
2402,706,13,3,UPI,2024-08-18
2403,615,10,2,Cash,2025-02-23
2404,836,6,3,Net Banking,2025-07-08
2405,717,8,2,Card,2025-07-23
2406,685,12,4,Card,2024-07-26
2407,724,1,2,Cash,2026-02-09
2408,30,5,4,Card,2025-04-18
2409,972,3,1,UPI,2025-03-06
2410,26,12,4,UPI,2026-01-03
2411,300,6,1,Net Banking,2024-09-03
2412,317,13,2,Card,2025-02-11
2413,127,12,4,Card,2024-10-19
2414,972,14,2,UPI,2024-08-05
2415,993,4,5,Card,2026-05-15
2416,208,8,3,Net Banking,2025-06-29
2417,995,9,4,UPI,2025-06-23
2418,124,12,4,Net Banking,2026-03-14
2419,76,6,2,Card,2024-09-28
2420,35,5,2,UPI,2025-12-22
2421,384,13,5,UPI,2025-09-26
2422,280,2,2,Net Banking,2024-08-22
2423,626,14,4,Net Banking,2026-06-23
2424,820,10,4,UPI,2026-01-04
2425,655,4,1,UPI,2025-12-08
2426,792,1,5,Cash,2024-06-28
2427,633,3,4,UPI,2025-04-29
2428,153,12,5,Cash,2025-05-19
2429,151,16,4,Net Banking,2026-01-14
2430,421,2,2,UPI,2025-03-14
2431,220,2,2,UPI,2026-02-19
2432,916,15,2,Cash,2025-06-22
2433,321,4,3,Card,2025-07-16
2434,835,16,3,UPI,2024-10-29
2435,239,15,3,UPI,2025-07-05
2436,361,8,5,Card,2024-12-13
2437,360,7,3,Net Banking,2026-01-04
2438,678,10,3,Card,2024-09-03
2439,118,1,2,Card,2024-08-03
2440,519,16,4,Cash,2025-04-08
2441,278,1,4,UPI,2026-01-14
2442,270,8,4,Net Banking,2024-11-11
2443,426,15,2,Card,2024-12-05
2444,282,5,3,Cash,2025-07-08
2445,483,14,4,Cash,2025-09-14
2446,210,11,2,Cash,2025-02-23
2447,10,9,5,Cash,2026-02-17
2448,203,6,3,Net Banking,2026-04-17
2449,783,2,3,UPI,2025-07-05
2450,877,1,4,Card,2025-06-23
2451,791,12,5,Cash,2025-10-04
2452,930,7,5,Cash,2024-10-03
2453,300,6,1,UPI,2025-05-16
2454,433,15,1,UPI,2026-03-06
2455,598,1,4,Net Banking,2024-11-21
2456,194,3,4,UPI,2025-05-17
2457,788,7,2,Card,2025-10-05
2458,360,9,5,UPI,2026-04-20
2459,381,14,4,Net Banking,2025-08-09
2460,196,16,5,UPI,2026-02-13
2461,817,11,4,Cash,2025-01-28
2462,849,8,4,Cash,2026-02-23
2463,935,16,3,Cash,2025-02-24
2464,949,2,2,Cash,2026-06-07
2465,446,16,2,Card,2025-11-01
2466,830,7,4,Card,2026-02-08
2467,621,11,1,Card,2025-01-26
2468,75,7,4,Cash,2026-03-31
2469,937,9,2,Card,2026-01-09
2470,605,9,1,UPI,2025-05-19
2471,9,12,4,Cash,2024-08-14
2472,550,9,5,Card,2026-05-05
2473,245,1,4,Cash,2024-07-12
2474,535,6,2,UPI,2025-11-04
2475,590,9,2,Net Banking,2024-07-14
2476,983,12,5,Card,2025-11-08
2477,992,4,4,Card,2024-11-25
2478,856,7,5,Card,2026-03-03
2479,629,10,2,Cash,2024-11-28
2480,940,2,1,Cash,2025-11-03
2481,772,11,2,Cash,2026-03-03
2482,477,4,2,Cash,2026-06-15
2483,592,15,2,Net Banking,2025-02-24
2484,294,7,2,Net Banking,2026-01-17
2485,942,8,4,UPI,2025-09-20
2486,608,5,4,Cash,2025-12-17
2487,65,5,4,UPI,2025-04-11
2488,739,4,4,Cash,2025-01-23
2489,319,10,2,UPI,2024-07-28
2490,656,2,5,Net Banking,2025-11-17
2491,968,11,1,UPI,2026-06-21
2492,280,12,3,Cash,2025-01-23
2493,408,10,1,Cash,2025-12-14
2494,603,14,5,Cash,2025-11-20
2495,749,10,1,Cash,2024-08-19
2496,379,9,4,Card,2025-03-21
2497,742,12,5,Card,2025-11-29
2498,587,16,3,Net Banking,2024-11-05
2499,633,9,4,Cash,2026-05-29
2500,55,9,1,Net Banking,2025-03-22
2501,982,5,5,Cash,2024-07-19
2502,904,12,5,Net Banking,2026-05-23
2503,964,6,5,Net Banking,2025-02-04
2504,336,5,5,Card,2025-03-20
2505,71,9,2,Cash,2024-12-31
2506,289,9,3,Card,2025-09-17
2507,838,16,4,Card,2026-06-12
2508,306,12,2,UPI,2025-07-24
2509,12,10,3,UPI,2024-07-14
2510,959,2,3,Cash,2025-02-13
2511,522,13,3,Card,2024-11-11
2512,477,13,3,Cash,2024-11-17
2513,363,8,5,UPI,2025-10-11
2514,215,2,3,Card,2025-03-27
2515,396,2,3,Cash,2025-12-05
2516,928,9,2,UPI,2024-08-03
2517,930,15,3,Card,2024-08-10
2518,868,8,2,Card,2024-09-09
2519,225,6,5,Net Banking,2025-10-05
2520,22,3,4,UPI,2024-11-17
2521,175,3,5,Net Banking,2025-02-18
2522,599,2,3,Card,2025-01-16
2523,487,6,3,UPI,2025-05-13
2524,557,12,1,Net Banking,2025-04-12
2525,247,14,5,Card,2026-04-30
2526,739,15,3,Cash,2025-02-28
2527,922,14,3,UPI,2026-06-23
2528,806,4,2,Net Banking,2025-04-11
2529,81,6,2,Cash,2025-07-26
2530,175,6,4,Cash,2024-09-04
2531,24,2,1,Cash,2025-01-28
2532,712,15,3,Card,2026-05-17
2533,864,1,5,Net Banking,2026-05-09
2534,287,13,2,Net Banking,2025-04-28
2535,446,2,4,Cash,2025-12-10
2536,256,5,3,Card,2026-01-04
2537,250,4,3,Cash,2026-04-24
2538,39,5,5,Net Banking,2024-07-23
2539,936,1,3,UPI,2024-09-21
2540,699,3,1,Card,2025-06-27
2541,413,8,3,Net Banking,2026-03-03
2542,36,12,4,Card,2025-10-04
2543,801,10,2,Net Banking,2026-02-21
2544,182,16,2,Net Banking,2025-06-01
2545,436,9,5,Net Banking,2024-07-20
2546,244,1,1,UPI,2026-04-30
2547,238,4,4,Cash,2024-10-18
2548,847,16,4,UPI,2026-01-28
2549,687,6,3,UPI,2026-03-07
2550,14,9,5,Net Banking,2025-01-31
2551,391,8,4,Net Banking,2025-01-31
2552,422,15,2,Cash,2025-01-08
2553,688,7,3,Card,2025-07-07
2554,209,10,5,Cash,2025-12-05
2555,707,16,4,UPI,2024-10-23
2556,809,9,5,UPI,2025-08-28
2557,705,8,4,Cash,2026-04-11
2558,200,14,2,Net Banking,2024-07-14
2559,495,15,4,UPI,2025-04-12
2560,950,16,5,Cash,2026-01-05
2561,379,16,4,Card,2025-02-06
2562,691,11,5,Card,2024-09-05
2563,614,11,3,Net Banking,2026-04-16
2564,192,1,4,UPI,2025-01-10
2565,874,13,4,Card,2024-10-30
2566,134,4,3,Cash,2026-04-25
2567,853,15,4,Card,2024-10-27
2568,951,1,2,Card,2025-08-22
2569,324,4,2,Cash,2025-03-01
2570,138,10,4,Net Banking,2025-08-08
2571,631,1,3,Net Banking,2026-04-22
2572,950,14,3,UPI,2024-06-28
2573,399,15,3,UPI,2024-08-11
2574,562,2,2,Card,2025-10-28
2575,937,11,4,Cash,2025-11-02
2576,937,14,5,UPI,2025-01-14
2577,174,1,2,Cash,2026-06-11
2578,551,10,3,Net Banking,2025-06-15
2579,730,7,3,UPI,2025-11-15
2580,837,10,3,Cash,2024-12-14
2581,587,8,5,UPI,2025-07-14
2582,528,15,2,UPI,2025-11-24
2583,223,3,5,UPI,2026-02-12
2584,976,5,3,Net Banking,2025-02-13
2585,743,1,4,Card,2025-04-09
2586,662,13,2,Cash,2026-06-10
2587,198,1,2,Cash,2026-02-18
2588,624,16,3,Card,2026-05-10
2589,450,14,2,UPI,2025-11-18
2590,253,2,4,Net Banking,2024-09-29
2591,606,8,2,UPI,2025-08-05
2592,865,5,3,Card,2024-07-29
2593,837,12,4,Net Banking,2025-03-17
2594,66,13,2,UPI,2025-07-21
2595,335,6,2,Net Banking,2026-03-23
2596,83,7,2,Net Banking,2024-06-25
2597,486,14,5,Card,2024-10-07
2598,201,4,5,Net Banking,2025-11-03
2599,517,6,5,UPI,2026-02-17
2600,257,15,3,Card,2025-02-16
2601,350,13,4,Cash,2025-04-24
2602,45,2,3,Card,2025-10-30
2603,356,8,5,UPI,2026-01-06
2604,652,9,4,Net Banking,2025-11-18
2605,516,10,5,Cash,2025-04-25
2606,898,7,2,Cash,2025-11-13
2607,256,16,3,Card,2026-01-25
2608,360,14,2,Cash,2026-01-03
2609,376,15,4,UPI,2026-04-21
2610,313,1,3,Cash,2024-12-14
2611,763,8,5,Card,2024-08-11
2612,362,1,3,Net Banking,2024-10-15
2613,230,2,2,UPI,2024-12-26
2614,109,4,4,UPI,2025-04-17
2615,679,4,4,Cash,2025-12-19
2616,105,14,2,Cash,2025-04-05
2617,396,7,1,Net Banking,2025-04-08
2618,416,13,5,Net Banking,2026-03-03
2619,418,2,2,UPI,2024-12-08
2620,27,9,3,Net Banking,2025-09-22
2621,196,3,3,Net Banking,2025-12-14
2622,689,2,4,Card,2024-09-03
2623,816,2,5,Card,2026-02-24
2624,717,14,2,Net Banking,2026-05-15
2625,480,13,2,Card,2026-03-20
2626,275,2,5,UPI,2025-04-20
2627,863,6,5,UPI,2025-09-08
2628,20,11,4,Card,2024-09-12
2629,885,3,3,Cash,2026-01-05
2630,128,4,4,Net Banking,2025-12-10
2631,766,7,2,Cash,2024-09-14
2632,341,2,1,Net Banking,2025-06-28
2633,394,10,5,Card,2026-05-12
2634,628,11,4,Cash,2025-10-30
2635,759,6,1,Cash,2024-11-13
2636,791,2,2,Card,2025-10-03
2637,856,5,3,Cash,2025-10-24
2638,37,16,5,UPI,2024-08-24
2639,468,7,4,UPI,2024-06-26
2640,799,6,2,Net Banking,2026-02-25
2641,760,7,1,Net Banking,2025-04-06
2642,918,11,5,Card,2026-02-13
2643,995,4,1,Cash,2026-06-12
2644,921,7,4,UPI,2025-02-27
2645,167,7,2,Card,2025-06-18
2646,131,14,4,Card,2025-03-27
2647,587,15,4,UPI,2024-12-08
2648,20,9,1,Cash,2025-09-28
2649,696,15,2,Cash,2025-02-12
2650,573,15,1,UPI,2025-07-06
2651,927,10,5,Cash,2024-11-14
2652,308,9,5,Cash,2024-08-04
2653,854,4,2,Card,2025-08-14
2654,198,2,3,Cash,2025-07-31
2655,826,11,4,Card,2025-03-13
2656,568,3,5,Card,2025-01-28
2657,132,12,4,Net Banking,2025-06-11
2658,805,1,1,UPI,2025-12-02
2659,273,5,5,Net Banking,2025-10-31
2660,500,6,2,Net Banking,2025-05-05
2661,203,9,2,Card,2025-09-13
2662,318,2,1,Card,2026-03-25
2663,749,8,3,UPI,2024-08-02
2664,280,8,5,Cash,2025-01-16
2665,749,8,3,UPI,2025-08-10
2666,827,1,3,Cash,2024-09-17
2667,269,5,4,Cash,2025-06-22
2668,447,15,5,UPI,2024-10-09
2669,907,5,4,Card,2024-07-09
2670,432,14,5,Net Banking,2024-11-27
2671,430,8,4,UPI,2024-08-16
2672,801,10,5,Cash,2024-12-28
2673,154,12,2,Net Banking,2025-07-18
2674,600,2,2,Card,2025-08-05
2675,876,16,2,Net Banking,2024-10-27
2676,424,13,5,UPI,2026-04-06
2677,64,1,3,UPI,2026-04-07
2678,229,13,2,Net Banking,2024-07-24
2679,219,2,2,Net Banking,2026-04-28
2680,614,16,2,Net Banking,2024-11-24
2681,135,12,1,Card,2025-09-25
2682,439,13,3,UPI,2024-11-02
2683,776,7,2,Net Banking,2025-02-15
2684,515,4,5,Net Banking,2025-05-05
2685,154,4,3,Cash,2026-05-02
2686,367,5,2,UPI,2025-01-18
2687,599,16,2,Cash,2025-05-24
2688,537,13,1,UPI,2024-08-23
2689,281,1,2,Net Banking,2026-04-21
2690,974,15,2,UPI,2025-06-23
2691,443,14,4,Card,2025-06-24
2692,597,1,1,Card,2026-05-02
2693,267,15,4,UPI,2024-09-20
2694,433,8,1,Card,2025-10-05
2695,598,15,2,UPI,2025-09-16
2696,153,7,3,Cash,2025-03-02
2697,594,12,1,Card,2025-10-02
2698,902,9,4,UPI,2024-06-25
2699,870,11,5,Net Banking,2026-06-22
2700,694,10,5,Cash,2026-06-01
2701,341,3,1,UPI,2026-04-24
2702,489,8,4,UPI,2025-06-26
2703,350,15,2,Cash,2025-03-23
2704,701,3,3,Cash,2024-10-04
2705,524,5,5,UPI,2025-05-05
2706,263,11,1,Cash,2025-11-26
2707,279,1,5,Cash,2026-04-08
2708,367,8,4,Cash,2025-10-15
2709,314,8,4,UPI,2025-05-08
2710,957,12,1,Cash,2024-12-31
2711,478,12,5,UPI,2026-05-25
2712,608,11,1,Net Banking,2025-11-21
2713,299,8,4,UPI,2026-06-13
2714,284,16,2,UPI,2026-03-03
2715,555,11,2,UPI,2026-01-19
2716,464,3,3,Card,2025-11-12
2717,75,12,1,Net Banking,2025-12-31
2718,858,14,3,Cash,2026-05-22
2719,938,14,5,UPI,2025-01-23
2720,969,1,1,Net Banking,2025-07-06
2721,59,2,2,Card,2024-11-10
2722,37,1,1,Cash,2024-10-10
2723,1,9,4,Card,2024-10-09
2724,208,2,5,Net Banking,2024-09-25
2725,71,5,2,UPI,2026-05-29
2726,127,9,2,Cash,2025-09-21
2727,414,13,4,Card,2026-04-01
2728,963,5,4,UPI,2026-06-03
2729,484,2,5,Net Banking,2024-11-24
2730,1,15,5,Card,2025-03-31
2731,166,7,1,Net Banking,2025-07-04
2732,2,6,5,Card,2026-05-25
2733,630,13,3,Net Banking,2024-10-11
2734,195,3,3,Card,2025-01-21
2735,11,15,5,Net Banking,2024-07-20
2736,663,5,1,Cash,2024-09-28
2737,719,10,5,Cash,2025-07-06
2738,782,2,1,Cash,2025-07-05
2739,462,6,5,Card,2026-06-19
2740,831,11,2,Net Banking,2025-03-09
2741,807,13,2,UPI,2024-12-08
2742,323,16,4,Card,2025-08-05
2743,814,4,2,UPI,2025-08-14
2744,556,5,1,UPI,2025-09-05
2745,400,9,5,Card,2024-08-16
2746,558,11,4,Card,2025-12-15
2747,297,11,1,UPI,2025-10-12
2748,395,9,3,UPI,2024-12-18
2749,407,15,1,Card,2024-09-27
2750,139,8,1,Net Banking,2025-11-25
2751,926,13,4,Net Banking,2025-11-21
2752,342,6,5,UPI,2025-02-21
2753,19,4,2,UPI,2026-01-14
2754,967,14,1,UPI,2025-02-18
2755,718,15,4,UPI,2024-12-15
2756,389,14,3,Net Banking,2025-06-06
2757,765,16,2,UPI,2025-11-15
2758,458,11,4,Net Banking,2026-04-05
2759,105,16,5,Net Banking,2025-09-19
2760,266,3,2,Net Banking,2025-01-02
2761,201,4,2,Card,2026-02-17
2762,736,10,2,Card,2025-10-29
2763,727,5,5,Cash,2026-01-11
2764,704,5,5,Cash,2026-04-23
2765,402,5,4,Cash,2026-02-01
2766,989,4,3,Net Banking,2025-05-03
2767,201,1,4,Cash,2024-10-11
2768,779,1,1,Card,2025-04-23
2769,226,16,5,Cash,2025-05-10
2770,197,15,4,UPI,2025-04-09
2771,215,12,1,Net Banking,2025-10-29
2772,132,6,2,Cash,2024-12-12
2773,900,12,2,Card,2025-07-05
2774,934,13,3,Card,2025-09-10
2775,885,15,5,Cash,2024-08-13
2776,266,14,1,UPI,2025-08-11
2777,92,3,1,Cash,2025-08-16
2778,160,5,2,Net Banking,2025-08-27
2779,241,15,5,Net Banking,2024-09-20
2780,501,15,4,Net Banking,2025-10-03
2781,114,9,4,Cash,2024-12-12
2782,685,10,2,Net Banking,2024-08-18
2783,182,1,4,Net Banking,2024-11-27
2784,757,7,2,Card,2024-09-07
2785,578,9,2,Cash,2025-11-17
2786,120,10,4,Card,2026-02-07
2787,177,8,5,UPI,2025-12-20
2788,596,15,4,Cash,2025-03-26
2789,502,9,1,UPI,2025-04-19
2790,507,11,1,Cash,2024-09-11
2791,330,14,1,Net Banking,2025-01-15
2792,824,9,2,Card,2024-12-13
2793,721,7,2,Card,2025-06-16
2794,214,15,2,UPI,2026-03-27
2795,546,12,2,Card,2024-09-16
2796,400,5,2,Card,2024-12-19
2797,506,14,3,Card,2024-12-19
2798,776,12,5,Card,2024-09-01
2799,827,13,3,Cash,2025-07-29
2800,676,9,5,UPI,2024-09-25
2801,739,16,1,UPI,2025-07-05
2802,361,13,4,UPI,2025-10-15
2803,716,7,5,Card,2026-02-17
2804,127,7,2,Card,2025-06-05
2805,38,9,2,Net Banking,2025-11-09
2806,552,12,1,Net Banking,2025-07-21
2807,670,3,5,Card,2024-12-29
2808,623,2,1,Cash,2025-10-12
2809,835,11,2,Card,2024-09-26
2810,11,15,5,Card,2025-11-14
2811,878,1,2,Card,2024-11-04
2812,351,10,3,Card,2025-10-14
2813,639,11,2,Cash,2026-02-16
2814,842,10,1,Net Banking,2025-12-14
2815,219,15,5,UPI,2024-10-13
2816,401,16,5,Net Banking,2025-12-06
2817,42,9,3,Net Banking,2024-07-30
2818,102,1,3,Cash,2025-03-16
2819,535,14,4,Cash,2026-02-23
2820,429,6,1,Cash,2026-03-11
2821,649,5,2,Cash,2025-06-11
2822,899,4,2,UPI,2024-08-12
2823,142,12,3,Net Banking,2025-10-12
2824,600,16,2,Net Banking,2026-04-14
2825,627,6,1,Net Banking,2025-10-14
2826,341,6,5,Net Banking,2025-05-17
2827,636,14,4,Cash,2024-12-22
2828,276,11,3,Net Banking,2025-08-01
2829,77,15,2,Cash,2025-08-02
2830,330,10,1,Net Banking,2024-11-15
2831,144,12,1,UPI,2025-08-13
2832,391,10,4,Card,2026-04-28
2833,811,13,2,Card,2024-09-25
2834,650,11,4,Card,2025-05-22
2835,189,8,3,Cash,2025-07-05
2836,291,12,3,UPI,2024-09-05
2837,997,3,4,Net Banking,2024-08-14
2838,28,6,1,UPI,2024-12-10
2839,892,16,4,Cash,2024-12-31
2840,545,4,2,Card,2025-10-31
2841,299,2,4,Net Banking,2024-12-02
2842,834,12,3,UPI,2025-06-25
2843,579,14,1,Net Banking,2025-05-04
2844,54,6,4,Cash,2025-06-28
2845,974,5,1,Net Banking,2026-01-29
2846,528,10,1,Card,2025-08-07
2847,301,12,2,Cash,2026-01-18
2848,79,1,5,Card,2024-09-06
2849,74,7,3,Net Banking,2026-03-18
2850,392,3,4,UPI,2026-05-31
2851,103,15,2,Card,2024-09-12
2852,797,3,2,Cash,2026-02-04
2853,562,6,5,Net Banking,2025-06-26
2854,56,8,1,Net Banking,2026-01-18
2855,100,16,4,Cash,2025-07-10
2856,675,14,1,Net Banking,2025-05-22
2857,601,14,4,Card,2024-07-08
2858,417,16,2,Card,2025-03-19
2859,55,12,2,UPI,2025-01-19
2860,871,11,1,UPI,2026-04-04
2861,8,8,5,Net Banking,2024-07-21
2862,544,13,5,UPI,2025-12-29
2863,325,4,4,Card,2024-12-02
2864,18,15,3,Net Banking,2026-06-05
2865,736,1,1,Net Banking,2026-03-31
2866,675,11,1,UPI,2025-02-25
2867,109,11,3,Cash,2025-06-27
2868,904,9,5,Card,2025-09-11
2869,319,7,3,Cash,2025-11-06
2870,478,16,2,UPI,2025-03-19
2871,418,8,5,Cash,2025-12-04
2872,340,11,1,Net Banking,2025-08-24
2873,680,2,2,Net Banking,2024-10-07
2874,541,3,5,Card,2025-04-03
2875,893,15,5,Cash,2025-01-04
2876,670,10,3,Net Banking,2025-12-01
2877,282,12,5,Cash,2025-10-03
2878,362,15,1,UPI,2026-05-13
2879,180,11,4,Net Banking,2025-08-02
2880,18,8,1,UPI,2024-12-23
2881,228,4,1,Card,2025-07-29
2882,302,15,4,UPI,2025-08-11
2883,438,7,3,UPI,2025-06-21
2884,812,1,2,UPI,2025-12-25
2885,603,7,3,UPI,2024-11-09
2886,970,14,2,Cash,2025-10-03
2887,428,8,2,Net Banking,2024-06-30
2888,701,8,2,UPI,2025-01-10
2889,187,5,1,UPI,2026-06-14
2890,55,3,3,Card,2026-01-13
2891,266,1,4,UPI,2026-05-10
2892,427,11,2,Card,2024-11-22
2893,828,13,5,Cash,2026-02-18
2894,324,9,5,Card,2025-01-03
2895,416,10,4,Cash,2025-02-22
2896,682,1,5,UPI,2026-02-07
2897,151,12,4,Net Banking,2026-02-10
2898,625,10,2,Net Banking,2025-02-06
2899,801,9,4,Net Banking,2024-11-15
2900,51,15,4,Card,2025-03-24
2901,579,4,2,Net Banking,2024-11-10
2902,76,2,4,UPI,2025-09-03
2903,9,8,3,UPI,2024-09-19
2904,987,15,2,Card,2024-12-11
2905,736,12,1,Net Banking,2025-01-08
2906,706,14,4,UPI,2025-08-17
2907,437,9,4,Card,2025-08-14
2908,175,10,3,UPI,2026-05-01
2909,438,15,3,Cash,2026-05-08
2910,151,13,1,Cash,2024-08-20
2911,793,7,4,UPI,2025-01-28
2912,286,7,4,Cash,2025-10-20
2913,639,1,1,Card,2026-01-13
2914,767,11,2,Net Banking,2026-02-07
2915,984,10,3,Net Banking,2026-04-05
2916,934,15,2,Net Banking,2024-10-18
2917,253,13,5,Cash,2026-05-25
2918,371,11,3,Cash,2024-08-05
2919,54,4,4,Card,2026-05-07
2920,848,8,3,Cash,2026-01-03
2921,471,2,2,Net Banking,2025-02-09
2922,132,16,4,Card,2025-03-31
2923,442,4,2,Net Banking,2025-06-30
2924,868,8,2,Net Banking,2024-07-20
2925,615,2,2,Cash,2025-04-24
2926,64,1,1,Net Banking,2025-11-11
2927,606,8,5,Cash,2026-06-06
2928,423,14,5,UPI,2024-12-12
2929,447,8,2,Net Banking,2026-04-22
2930,79,16,2,Card,2025-01-20
2931,593,12,2,Net Banking,2025-06-29
2932,886,10,2,Cash,2026-04-15
2933,763,10,2,UPI,2025-06-05
2934,310,5,5,UPI,2025-12-23
2935,515,5,3,Card,2024-07-16
2936,467,15,1,UPI,2025-10-12
2937,957,10,4,Card,2024-12-28
2938,177,1,3,UPI,2024-09-30
2939,90,2,4,Cash,2024-10-02
2940,232,12,3,Cash,2025-03-09
2941,232,10,1,Net Banking,2026-03-08
2942,289,2,3,Card,2026-04-24
2943,434,11,2,Cash,2026-02-21
2944,653,7,4,Card,2025-08-21
2945,398,13,4,Net Banking,2024-09-15
2946,495,4,1,Net Banking,2025-11-26
2947,90,11,4,Cash,2025-05-28
2948,267,13,2,Cash,2024-12-10
2949,419,8,2,UPI,2024-10-01
2950,88,3,4,Cash,2025-05-08
2951,458,11,5,Cash,2025-12-09
2952,668,10,4,Net Banking,2026-04-15
2953,811,16,1,Card,2025-07-05
2954,720,2,2,UPI,2025-07-21
2955,215,15,1,Cash,2025-10-09
2956,956,7,2,Net Banking,2025-09-23
2957,824,5,3,Cash,2025-05-25
2958,974,2,2,UPI,2026-04-05
2959,464,7,5,Net Banking,2025-06-28
2960,965,11,4,Net Banking,2025-06-20
2961,81,14,3,Card,2024-07-16
2962,927,13,3,Cash,2025-07-05
2963,869,8,3,Card,2025-12-12
2964,174,12,3,Card,2025-05-13
2965,699,16,5,UPI,2026-01-11
2966,70,7,2,Cash,2025-07-20
2967,34,4,1,Card,2025-10-21
2968,122,3,4,Cash,2026-05-09
2969,816,4,1,Card,2026-05-09
2970,788,6,3,Cash,2026-03-16
2971,446,4,4,Cash,2025-11-09
2972,770,5,5,Cash,2024-10-10
2973,792,9,2,Net Banking,2025-02-16
2974,50,14,5,Cash,2025-10-02
2975,684,9,1,Net Banking,2024-12-18
2976,426,14,5,Cash,2025-06-28
2977,630,11,4,UPI,2024-12-18
2978,787,4,3,Cash,2026-03-27
2979,893,1,1,Card,2025-06-10
2980,548,8,5,Card,2024-09-09
2981,118,2,2,Cash,2025-10-02
2982,441,3,5,Card,2025-02-18
2983,701,14,4,UPI,2025-12-14
2984,743,4,5,UPI,2025-10-06
2985,451,14,5,Card,2025-03-23
2986,137,15,2,Card,2026-03-30
2987,811,2,3,Net Banking,2024-10-25
2988,858,13,2,Net Banking,2025-06-22
2989,476,8,5,Card,2024-07-20
2990,515,6,4,Cash,2025-08-09
2991,892,13,5,Net Banking,2024-09-09
2992,858,2,3,UPI,2026-02-03
2993,792,1,1,UPI,2025-12-31
2994,58,11,4,Cash,2026-01-08
2995,215,9,5,Card,2025-06-14
2996,62,12,2,Card,2025-03-31
2997,161,14,3,Net Banking,2024-07-16
2998,949,4,5,Net Banking,2026-03-11
2999,449,6,4,Cash,2025-10-05
3000,306,10,3,Net Banking,2024-12-27
3001,183,13,1,Cash,2024-09-24
3002,150,6,1,Card,2026-03-23
3003,574,5,5,Net Banking,2026-06-02
3004,315,3,4,UPI,2026-03-13
3005,34,16,3,Cash,2025-11-12
3006,23,11,4,Net Banking,2025-12-31
3007,280,8,2,UPI,2026-02-21
3008,572,7,3,UPI,2026-02-11
3009,188,3,5,UPI,2024-07-19
3010,658,4,2,Card,2024-06-30
3011,150,12,1,Net Banking,2025-12-16
3012,169,16,5,Card,2025-02-04
3013,830,8,4,Cash,2025-05-16
3014,479,16,3,Card,2026-01-29
3015,36,2,3,Cash,2026-03-14
3016,15,8,5,Card,2025-09-23
3017,361,2,1,UPI,2026-01-31
3018,621,12,5,UPI,2025-02-23
3019,531,8,2,UPI,2025-12-30
3020,22,5,2,UPI,2024-08-25
3021,193,12,2,UPI,2026-04-13
3022,919,2,2,UPI,2025-01-07
3023,921,13,3,Net Banking,2025-10-22
3024,346,11,1,Net Banking,2024-11-11
3025,588,11,4,UPI,2025-11-25
3026,323,15,1,UPI,2024-10-29
3027,52,6,4,Net Banking,2026-02-02
3028,25,14,2,Net Banking,2025-05-13
3029,471,10,2,Cash,2024-07-26
3030,245,13,1,Net Banking,2025-09-05
3031,270,6,1,Net Banking,2024-12-09
3032,769,13,4,Net Banking,2026-04-02
3033,366,13,5,Net Banking,2024-06-27
3034,529,9,2,UPI,2024-12-24
3035,517,14,4,Net Banking,2026-06-17
3036,458,2,1,UPI,2026-05-19
3037,418,16,2,Net Banking,2024-08-02
3038,561,14,4,Card,2026-04-23
3039,815,6,2,Net Banking,2026-05-23
3040,933,3,5,UPI,2024-12-28
3041,788,10,2,Net Banking,2024-07-19
3042,936,13,5,Net Banking,2026-01-17
3043,245,5,1,Net Banking,2025-06-15
3044,571,6,3,Card,2024-11-20
3045,180,8,5,Cash,2026-02-09
3046,565,5,3,Net Banking,2025-08-01
3047,231,13,3,Cash,2024-07-01
3048,43,2,1,Cash,2026-06-01
3049,220,11,1,Card,2025-05-06
3050,30,9,4,Net Banking,2026-01-09
3051,248,6,5,Cash,2025-03-30
3052,328,13,4,Card,2024-08-03
3053,548,9,1,UPI,2025-11-22
3054,916,3,3,Card,2025-09-06
3055,27,11,5,UPI,2025-11-22
3056,490,3,2,UPI,2025-12-29
3057,914,1,2,Card,2026-01-31
3058,34,1,2,Cash,2025-09-12
3059,36,6,2,Card,2026-02-18
3060,449,6,5,Net Banking,2025-07-17
3061,234,9,3,UPI,2026-06-21
3062,851,4,1,Net Banking,2026-05-27
3063,372,12,4,Card,2025-11-07
3064,34,13,3,Net Banking,2025-02-08
3065,137,13,3,Net Banking,2025-12-07
3066,320,3,2,UPI,2024-12-18
3067,284,3,1,Net Banking,2024-08-18
3068,100,16,2,UPI,2025-11-11
3069,7,9,2,Net Banking,2024-08-18
3070,38,16,2,UPI,2025-07-21
3071,171,16,3,Cash,2026-06-11
3072,150,3,2,UPI,2024-11-15
3073,873,9,2,Card,2024-07-18
3074,682,3,2,Card,2025-03-07
3075,333,16,5,Net Banking,2025-04-17
3076,602,10,2,Card,2024-12-16
3077,817,6,2,Cash,2026-02-18
3078,927,10,1,Cash,2025-07-27
3079,502,16,1,Cash,2024-11-03
3080,889,11,1,Card,2024-09-08
3081,158,9,2,Net Banking,2024-12-06
3082,126,16,2,Net Banking,2025-06-08
3083,433,14,4,Card,2025-03-21
3084,636,16,3,Net Banking,2026-05-11
3085,58,6,2,UPI,2026-03-23
3086,976,7,4,Net Banking,2024-09-24
3087,789,5,4,Card,2025-09-23
3088,621,5,5,Net Banking,2024-07-17
3089,299,5,3,UPI,2024-11-25
3090,205,3,2,Net Banking,2024-09-09
3091,195,5,1,Cash,2025-08-26
3092,245,14,1,Net Banking,2025-05-15
3093,980,14,4,Card,2026-02-09
3094,666,7,4,Cash,2025-09-01
3095,38,16,3,Cash,2024-09-29
3096,745,15,2,Cash,2026-01-06
3097,514,11,1,UPI,2024-07-22
3098,461,2,2,UPI,2024-09-09
3099,579,7,2,UPI,2024-07-24
3100,400,11,2,Cash,2025-08-09
3101,966,5,5,UPI,2025-09-28
3102,207,9,2,UPI,2025-06-24
3103,869,4,1,Card,2024-08-04
3104,893,6,1,Cash,2025-10-16
3105,689,1,5,Card,2024-12-12
3106,498,3,2,UPI,2026-05-14
3107,322,11,2,Cash,2025-09-10
3108,27,3,5,Card,2025-10-21
3109,463,6,5,Card,2026-06-12
3110,401,10,1,UPI,2025-03-13
3111,246,2,1,UPI,2025-12-21
3112,774,16,2,Net Banking,2025-01-08
3113,719,16,3,Cash,2026-06-24
3114,589,15,4,Net Banking,2025-11-27
3115,411,1,3,UPI,2025-03-04
3116,847,11,2,Card,2026-04-10
3117,14,15,4,Card,2025-02-11
3118,577,9,3,Cash,2024-09-29
3119,346,10,3,Cash,2024-07-10
3120,108,7,2,UPI,2025-01-21
3121,555,5,4,Cash,2024-09-18
3122,991,3,3,Cash,2025-07-31
3123,783,4,1,Cash,2025-04-08
3124,710,1,3,Cash,2024-09-18
3125,54,12,2,Net Banking,2026-01-09
3126,820,15,4,UPI,2025-01-04
3127,38,11,4,Card,2024-10-06
3128,622,4,2,Net Banking,2026-06-13
3129,138,16,5,Cash,2024-07-29
3130,879,5,4,Cash,2026-02-18
3131,382,16,4,Card,2025-12-22
3132,683,13,3,Cash,2025-06-13
3133,711,11,3,UPI,2024-08-22
3134,227,13,4,Net Banking,2025-09-04
3135,649,11,1,Cash,2025-04-20
3136,666,1,3,Card,2025-07-12
3137,86,11,3,UPI,2025-02-22
3138,937,2,5,Cash,2024-08-02
3139,437,14,5,Cash,2024-09-18
3140,56,10,1,Card,2026-06-03
3141,783,10,4,UPI,2025-08-23
3142,165,13,1,Net Banking,2024-07-11
3143,150,15,5,Cash,2025-01-05
3144,1,15,4,Net Banking,2026-04-19
3145,391,5,3,Cash,2024-07-22
3146,630,4,2,Card,2025-03-19
3147,846,10,1,Net Banking,2024-07-01
3148,499,14,5,UPI,2025-05-02
3149,507,7,5,Cash,2026-04-16
3150,919,8,3,Cash,2025-03-08
3151,88,15,1,UPI,2025-12-04
3152,318,8,3,Net Banking,2026-05-19
3153,926,4,3,Net Banking,2026-03-18
3154,429,4,1,Cash,2025-03-29
3155,375,4,1,UPI,2024-11-26
3156,682,8,2,UPI,2025-01-06
3157,387,16,2,Cash,2025-07-29
3158,47,9,2,Cash,2025-07-06
3159,762,11,2,UPI,2026-04-29
3160,819,14,5,Net Banking,2025-04-15
3161,355,15,3,Card,2025-07-03
3162,459,7,5,Net Banking,2025-09-18
3163,63,15,5,Cash,2025-02-13
3164,710,4,5,Card,2026-03-29
3165,163,2,5,Card,2026-05-21
3166,593,15,2,Cash,2024-08-03
3167,232,8,1,Card,2025-07-10
3168,260,15,1,Cash,2026-05-21
3169,659,14,5,Cash,2025-09-19
3170,229,5,2,Net Banking,2024-08-12
3171,599,13,2,Cash,2025-12-18
3172,872,2,2,Cash,2025-11-19
3173,355,6,3,Net Banking,2024-08-02
3174,578,3,3,Net Banking,2024-12-24
3175,365,8,5,UPI,2026-01-21
3176,935,6,4,UPI,2025-10-28
3177,967,5,5,Net Banking,2026-03-07
3178,828,12,3,UPI,2024-11-29
3179,514,11,3,UPI,2026-03-29
3180,918,11,5,Card,2025-08-26
3181,657,9,5,UPI,2024-07-21
3182,689,9,2,Card,2025-07-06
3183,889,8,4,UPI,2025-01-22
3184,336,12,2,Card,2025-11-26
3185,228,4,3,UPI,2025-11-10
3186,252,11,4,UPI,2026-04-09
3187,818,14,2,UPI,2025-09-22
3188,873,7,3,Card,2025-07-24
3189,453,3,2,Card,2025-10-03
3190,314,11,4,Card,2025-12-22
3191,427,13,3,Net Banking,2025-10-17
3192,584,12,2,Card,2026-01-05
3193,810,14,4,Net Banking,2025-04-08
3194,333,14,2,UPI,2026-05-22
3195,178,15,1,Cash,2025-07-22
3196,107,5,5,Cash,2024-07-31
3197,70,11,3,UPI,2025-11-24
3198,96,2,5,Net Banking,2024-11-20
3199,571,13,3,UPI,2024-08-29
3200,145,2,1,Cash,2025-12-16
3201,651,8,4,Card,2024-11-05
3202,22,1,3,UPI,2025-03-19
3203,544,4,1,UPI,2025-12-23
3204,546,9,4,Cash,2026-04-19
3205,268,16,3,Cash,2024-10-01
3206,273,16,1,UPI,2024-08-18
3207,909,8,5,UPI,2025-10-06
3208,118,14,2,Card,2025-12-07
3209,132,14,5,Cash,2025-12-13
3210,265,9,5,Net Banking,2026-06-10
3211,765,10,5,Cash,2026-03-19
3212,141,9,1,Cash,2024-10-20
3213,757,3,4,Card,2024-09-06
3214,283,13,5,UPI,2026-02-25
3215,500,11,2,Cash,2026-01-18
3216,442,13,5,Net Banking,2025-06-24
3217,881,11,2,Card,2024-07-09
3218,656,6,2,UPI,2025-01-09
3219,100,12,1,Cash,2026-02-07
3220,311,14,4,Card,2026-04-29
3221,857,4,1,Net Banking,2024-12-19
3222,420,7,5,Cash,2024-11-11
3223,164,9,5,Net Banking,2025-08-17
3224,145,12,4,Card,2025-12-07
3225,428,3,1,UPI,2026-05-23
3226,456,15,2,Net Banking,2025-02-11
3227,288,4,4,Net Banking,2026-02-24
3228,368,12,3,Net Banking,2024-07-25
3229,391,3,5,Cash,2024-07-05
3230,415,7,4,UPI,2024-11-29
3231,403,7,3,Card,2026-01-02
3232,370,6,4,Net Banking,2025-06-25
3233,774,1,1,Card,2025-01-03
3234,114,7,3,Net Banking,2024-09-22
3235,996,8,4,Card,2024-08-16
3236,304,5,2,Net Banking,2024-10-22
3237,829,10,1,Net Banking,2026-04-24
3238,527,11,4,Cash,2025-09-14
3239,851,9,4,UPI,2024-10-30
3240,168,1,3,Net Banking,2024-11-16
3241,392,13,3,UPI,2025-08-07
3242,890,1,1,UPI,2025-04-03
3243,272,2,4,Cash,2024-07-11
3244,342,16,2,Net Banking,2025-11-11
3245,963,14,3,Card,2025-06-11
3246,662,16,3,Net Banking,2024-07-12
3247,90,8,4,Net Banking,2025-04-17
3248,403,4,5,UPI,2024-11-28
3249,651,9,5,Card,2024-08-21
3250,994,14,5,Net Banking,2025-01-14
3251,632,16,1,Card,2026-03-12
3252,565,12,1,UPI,2025-02-05
3253,427,15,1,UPI,2025-03-02
3254,364,10,2,Cash,2024-10-31
3255,792,4,2,UPI,2025-08-01
3256,948,1,5,Net Banking,2025-11-26
3257,327,7,2,Cash,2026-02-01
3258,223,10,1,Net Banking,2024-08-29
3259,386,12,3,Net Banking,2025-04-16
3260,336,12,2,Card,2026-05-07
3261,683,7,2,Card,2026-03-26
3262,190,13,1,Card,2025-02-07
3263,950,9,4,UPI,2024-12-17
3264,880,7,5,Net Banking,2025-06-11
3265,7,7,1,Card,2025-03-31
3266,723,7,2,Cash,2025-08-17
3267,176,7,2,Cash,2024-10-22
3268,764,5,2,Net Banking,2025-10-25
3269,708,12,2,UPI,2024-12-21
3270,549,13,5,Cash,2025-03-04
3271,512,10,2,UPI,2025-05-23
3272,601,6,5,UPI,2025-10-14
3273,477,12,1,UPI,2026-06-24
3274,546,7,4,Cash,2026-04-05
3275,484,8,2,Card,2024-12-24
3276,180,4,3,Net Banking,2026-01-20
3277,464,13,3,Cash,2024-10-12
3278,784,9,1,UPI,2025-11-17
3279,232,3,1,Net Banking,2024-08-13
3280,668,9,1,Card,2024-10-13
3281,678,9,3,Card,2025-11-03
3282,658,5,1,Card,2025-05-06
3283,293,16,1,Cash,2025-10-19
3284,731,6,4,UPI,2024-06-27
3285,525,5,2,Net Banking,2026-04-19
3286,975,12,4,Net Banking,2025-09-10
3287,710,10,1,Card,2026-06-01
3288,486,3,4,Cash,2025-06-23
3289,607,13,5,UPI,2026-04-09
3290,65,16,4,Net Banking,2026-05-12
3291,296,1,3,UPI,2024-08-01
3292,507,12,5,UPI,2024-11-02
3293,835,12,1,UPI,2024-12-09
3294,929,15,1,Cash,2025-10-05
3295,688,5,4,Net Banking,2026-04-03
3296,615,9,4,Net Banking,2025-01-12
3297,790,6,1,Cash,2026-03-21
3298,514,15,5,UPI,2026-05-11
3299,518,6,5,UPI,2025-03-13
3300,452,1,4,Net Banking,2026-06-22
3301,712,7,5,UPI,2024-12-15
3302,173,8,5,UPI,2025-01-10
3303,489,10,3,Card,2025-06-25
3304,69,1,1,Cash,2026-03-02
3305,835,5,4,Card,2024-10-27
3306,551,1,1,Card,2026-05-14
3307,736,12,5,Card,2025-12-11
3308,748,9,1,UPI,2024-09-12
3309,228,9,3,UPI,2024-07-17
3310,103,1,1,Cash,2025-09-19
3311,89,15,1,Cash,2025-02-27
3312,79,16,1,Cash,2025-05-04
3313,254,14,4,Cash,2026-03-21
3314,213,6,4,Net Banking,2025-10-23
3315,822,13,3,UPI,2026-06-22
3316,922,8,2,Net Banking,2025-09-15
3317,999,1,2,Cash,2025-12-04
3318,176,7,2,Cash,2024-12-22
3319,159,15,4,Net Banking,2025-03-26
3320,161,11,1,UPI,2026-03-10
3321,442,12,5,Cash,2026-04-05
3322,121,16,1,Net Banking,2025-07-07
3323,298,9,4,Cash,2025-04-23
3324,190,11,1,Net Banking,2026-06-24
3325,773,14,5,Net Banking,2025-03-12
3326,641,10,3,Cash,2025-10-10
3327,346,9,1,Card,2025-05-01
3328,318,11,1,UPI,2025-08-01
3329,814,7,1,Net Banking,2025-03-28
3330,647,9,3,Card,2024-12-23
3331,695,12,5,Cash,2026-04-14
3332,349,16,1,Card,2026-05-07
3333,409,15,1,Card,2026-04-05
3334,65,5,3,UPI,2025-09-27
3335,793,3,5,Card,2025-01-30
3336,584,5,4,Net Banking,2026-02-21
3337,503,8,3,Card,2024-07-24
3338,397,2,1,Net Banking,2024-08-17
3339,454,7,4,Cash,2025-03-30
3340,159,13,4,Net Banking,2024-09-14
3341,337,16,5,Card,2024-10-30
3342,219,7,1,Net Banking,2026-03-23
3343,239,1,4,Net Banking,2025-10-22
3344,735,1,3,Cash,2025-02-03
3345,235,3,3,UPI,2024-11-20
3346,162,7,1,Cash,2026-06-03
3347,90,5,5,UPI,2025-07-22
3348,374,10,1,UPI,2024-11-11
3349,661,7,4,Card,2026-05-23
3350,747,6,5,Cash,2025-08-30
3351,13,14,2,UPI,2026-03-30
3352,177,2,4,Card,2025-12-19
3353,198,11,5,UPI,2025-06-24
3354,615,15,2,Cash,2026-05-12
3355,692,14,1,Cash,2024-09-09
3356,705,10,2,UPI,2024-07-26
3357,730,1,1,Cash,2025-04-22
3358,291,13,4,UPI,2025-08-09
3359,272,13,5,Card,2026-03-17
3360,265,2,5,Card,2024-11-05
3361,951,12,2,Net Banking,2025-12-04
3362,765,3,2,UPI,2024-11-09
3363,812,2,5,Card,2025-03-17
3364,769,8,1,UPI,2025-07-07
3365,59,12,4,Cash,2024-11-25
3366,520,14,5,Net Banking,2025-05-25
3367,414,4,3,Cash,2025-11-30
3368,899,6,1,Card,2026-06-19
3369,543,9,3,UPI,2025-04-03
3370,818,7,2,Net Banking,2026-01-28
3371,222,7,2,Card,2025-07-28
3372,557,3,3,Card,2025-12-05
3373,436,14,1,Card,2025-12-22
3374,273,15,2,Cash,2025-03-12
3375,168,14,3,Card,2025-05-21
3376,161,4,4,Cash,2024-08-26
3377,266,16,1,Net Banking,2025-04-15
3378,335,15,3,UPI,2024-12-15
3379,533,16,3,Net Banking,2025-02-08
3380,940,1,4,Cash,2026-03-04
3381,507,3,4,Cash,2026-04-06
3382,103,13,2,Cash,2024-11-18
3383,521,13,4,Net Banking,2025-08-18
3384,231,15,2,Card,2025-07-28
3385,223,8,4,Net Banking,2025-05-09
3386,30,6,3,Net Banking,2024-07-14
3387,195,6,5,UPI,2025-06-16
3388,297,15,5,Net Banking,2025-01-04
3389,217,4,5,Card,2025-03-06
3390,36,8,3,Card,2026-02-18
3391,845,14,1,Cash,2024-10-15
3392,6,8,5,Card,2026-03-08
3393,441,10,5,Card,2025-05-08
3394,299,11,2,Net Banking,2024-07-11
3395,24,11,3,Net Banking,2024-07-10
3396,488,1,4,Card,2025-08-26
3397,494,5,4,Card,2025-04-15
3398,799,6,5,Cash,2025-04-11
3399,340,7,1,UPI,2026-01-28
3400,605,16,5,Net Banking,2025-06-25
3401,902,10,3,Cash,2025-10-22
3402,966,5,5,Net Banking,2025-04-27
3403,700,3,5,Cash,2025-01-28
3404,420,12,5,Net Banking,2024-09-23
3405,171,16,1,Card,2024-12-27
3406,310,1,2,Cash,2025-12-28
3407,504,9,2,Net Banking,2026-03-02
3408,403,14,2,Cash,2024-07-04
3409,101,1,5,Card,2025-05-03
3410,156,15,1,Net Banking,2025-05-15
3411,87,15,4,Net Banking,2025-10-23
3412,480,14,5,Card,2025-11-29
3413,575,3,4,UPI,2026-01-18
3414,866,1,2,Card,2026-03-10
3415,116,15,3,UPI,2025-05-15
3416,87,15,2,Net Banking,2024-08-25
3417,979,6,3,Net Banking,2025-12-18
3418,12,11,3,Cash,2025-05-19
3419,610,16,4,Net Banking,2025-04-08
3420,557,1,4,UPI,2026-06-07
3421,354,9,2,Net Banking,2024-12-13
3422,172,16,4,Cash,2024-09-30
3423,470,7,3,Card,2025-09-03
3424,39,10,2,Cash,2025-10-25
3425,621,3,4,Cash,2024-12-04
3426,799,15,5,UPI,2025-10-25
3427,441,14,4,Cash,2025-01-20
3428,204,3,1,Card,2024-08-01
3429,208,11,3,Cash,2024-08-25
3430,879,2,1,Card,2025-10-14
3431,61,12,5,Cash,2024-11-07
3432,450,14,5,UPI,2026-06-13
3433,114,1,4,Card,2024-07-16
3434,393,8,3,Card,2025-05-01
3435,723,14,1,Card,2025-09-28
3436,23,9,1,Card,2025-08-05
3437,753,10,1,UPI,2025-12-23
3438,793,15,1,UPI,2025-03-26
3439,160,14,1,Card,2025-05-23
3440,737,7,3,Card,2025-03-12
3441,850,14,5,Card,2025-03-01
3442,414,10,1,Cash,2025-10-28
3443,852,7,2,Cash,2024-12-09
3444,620,11,1,Cash,2026-06-02
3445,641,8,1,UPI,2026-02-20
3446,878,3,4,Cash,2026-04-22
3447,863,8,2,Net Banking,2025-05-20
3448,220,12,2,Cash,2025-03-18
3449,624,14,4,UPI,2024-09-20
3450,79,14,1,Cash,2026-06-21
3451,933,15,4,UPI,2024-09-28
3452,361,4,2,Cash,2025-12-26
3453,253,10,5,Net Banking,2025-11-29
3454,737,6,1,Card,2024-08-04
3455,916,4,2,Card,2024-11-10
3456,90,1,3,Cash,2024-08-08
3457,139,11,1,Card,2025-05-10
3458,981,16,2,Net Banking,2025-05-05
3459,295,4,3,Cash,2025-06-28
3460,346,4,5,Cash,2024-09-29
3461,679,4,5,UPI,2025-04-15
3462,637,2,5,Card,2025-06-28
3463,231,2,5,Net Banking,2025-06-14
3464,796,12,1,Net Banking,2024-10-12
3465,25,5,2,Net Banking,2025-03-01
3466,645,1,2,Cash,2025-05-05
3467,366,6,1,Card,2025-10-23
3468,270,8,3,Net Banking,2026-03-07
3469,351,8,5,Net Banking,2024-09-16
3470,258,8,2,Net Banking,2025-01-17
3471,267,9,1,UPI,2025-01-08
3472,573,14,4,Cash,2026-01-01
3473,472,5,1,Net Banking,2026-04-24
3474,841,13,4,Card,2025-08-31
3475,49,4,1,Cash,2024-09-08
3476,677,4,1,UPI,2026-02-15
3477,726,5,1,Net Banking,2025-01-31
3478,622,8,5,Cash,2025-08-06
3479,458,8,2,UPI,2024-12-20
3480,156,1,5,Card,2025-04-24
3481,81,9,4,Net Banking,2024-07-21
3482,224,6,1,UPI,2024-11-02
3483,770,3,5,Cash,2026-02-10
3484,990,11,5,Card,2026-05-11
3485,560,11,1,Cash,2025-10-10
3486,623,9,4,Cash,2025-12-07
3487,475,10,1,Card,2024-11-10
3488,364,4,2,Cash,2026-01-24
3489,816,8,3,Card,2024-06-27
3490,780,5,4,Net Banking,2025-06-07
3491,888,15,2,Cash,2025-02-17
3492,93,12,2,Cash,2026-04-13
3493,248,5,5,Card,2025-12-19
3494,987,2,1,Cash,2025-05-14
3495,564,16,4,UPI,2024-10-21
3496,944,9,4,Card,2025-12-22
3497,475,4,2,Card,2026-03-16
3498,259,4,5,Cash,2025-07-01
3499,912,7,1,UPI,2026-06-24
3500,494,7,5,Card,2024-08-11
3501,333,14,2,Cash,2025-08-05
3502,295,2,5,UPI,2026-06-22
3503,415,14,2,Card,2025-02-19
3504,972,4,4,Card,2024-11-09
3505,606,12,4,Cash,2024-11-09
3506,419,3,2,UPI,2026-01-24
3507,609,15,2,Net Banking,2024-11-19
3508,924,3,2,UPI,2025-05-19
3509,882,7,5,Card,2024-07-29
3510,426,10,1,Cash,2026-01-28
3511,624,5,4,Net Banking,2025-06-14
3512,75,5,3,Net Banking,2025-03-08
3513,422,16,3,Card,2024-12-25
3514,50,11,3,Net Banking,2025-10-03
3515,792,5,3,Net Banking,2024-06-28
3516,535,16,1,Cash,2024-09-19
3517,876,6,4,Cash,2024-10-28
3518,620,11,5,Net Banking,2025-01-02
3519,678,11,2,Card,2024-11-27
3520,216,10,3,Net Banking,2026-03-31
3521,898,6,5,UPI,2026-04-07
3522,983,2,4,Net Banking,2025-08-26
3523,180,16,2,UPI,2026-04-10
3524,789,1,4,Net Banking,2024-09-22
3525,109,4,2,UPI,2025-08-05
3526,125,14,1,Cash,2024-11-10
3527,887,11,1,UPI,2024-07-25
3528,898,8,1,Card,2026-01-23
3529,216,11,1,Card,2026-06-16
3530,188,11,1,Net Banking,2025-08-01
3531,126,10,2,Net Banking,2025-01-20
3532,50,5,3,Cash,2026-02-04
3533,484,15,3,Net Banking,2024-07-04
3534,842,6,1,Card,2026-06-08
3535,752,16,5,UPI,2025-02-10
3536,376,16,2,Cash,2025-02-03
3537,877,2,5,UPI,2026-05-16
3538,697,8,2,Net Banking,2024-07-02
3539,656,13,3,Cash,2025-01-07
3540,180,2,1,Card,2025-06-04
3541,871,13,5,Net Banking,2024-09-15
3542,532,14,3,UPI,2026-02-03
3543,750,6,3,Cash,2025-12-04
3544,141,13,1,Net Banking,2025-02-21
3545,943,7,3,Cash,2025-03-12
3546,266,13,1,Card,2024-12-24
3547,990,16,3,Card,2025-05-14
3548,440,7,4,UPI,2025-03-25
3549,758,3,2,Net Banking,2025-01-03
3550,550,2,1,Card,2026-06-15
3551,641,12,4,UPI,2026-03-09
3552,860,1,1,Card,2025-08-14
3553,406,13,3,UPI,2025-11-20
3554,258,9,4,UPI,2025-10-26
3555,379,10,3,Cash,2025-08-07
3556,952,9,4,UPI,2026-03-04
3557,188,14,4,Net Banking,2025-11-23
3558,524,8,2,UPI,2026-05-29
3559,258,7,1,Cash,2025-01-29
3560,102,13,2,Card,2025-10-16
3561,269,11,2,Cash,2024-06-26
3562,592,14,3,Net Banking,2024-08-27
3563,9,11,4,Cash,2025-06-19
3564,869,11,2,Card,2024-07-01
3565,911,13,2,Net Banking,2025-07-14
3566,42,3,1,Cash,2025-12-13
3567,344,15,3,Net Banking,2026-03-26
3568,983,3,3,Card,2026-05-04
3569,933,5,4,UPI,2024-07-10
3570,743,9,3,Net Banking,2024-10-14
3571,960,10,3,Card,2024-11-17
3572,400,11,2,Card,2025-10-17
3573,471,7,1,Net Banking,2026-04-09
3574,665,7,2,Cash,2025-09-23
3575,526,10,5,UPI,2025-06-15
3576,269,7,4,Card,2026-06-22
3577,346,10,1,Cash,2024-10-24
3578,991,14,1,Card,2024-08-09
3579,605,14,5,Card,2026-03-21
3580,627,5,3,Cash,2025-01-14
3581,609,16,2,Cash,2026-03-28
3582,88,4,4,Cash,2024-07-13
3583,24,11,4,Net Banking,2026-06-20
3584,398,10,4,Cash,2024-12-18
3585,600,10,4,Net Banking,2025-03-23
3586,249,13,1,Card,2025-03-08
3587,497,13,4,Card,2024-11-08
3588,815,3,2,UPI,2026-05-13
3589,761,10,2,Card,2026-01-27
3590,285,12,2,Net Banking,2025-12-19
3591,816,12,2,Net Banking,2026-03-21
3592,563,7,5,UPI,2025-06-13
3593,291,6,5,Cash,2025-08-28
3594,614,14,4,Card,2025-03-21
3595,185,13,5,Net Banking,2025-07-26
3596,386,7,4,UPI,2025-02-20
3597,747,14,5,UPI,2026-05-24
3598,357,15,3,UPI,2026-04-29
3599,179,3,5,Cash,2026-06-17
3600,220,10,1,Net Banking,2025-07-28
3601,42,16,1,Card,2025-02-26
3602,796,9,2,UPI,2026-04-10
3603,795,8,5,Card,2026-01-24
3604,210,3,4,Net Banking,2025-05-17
3605,689,2,4,Cash,2024-07-30
3606,97,1,5,Cash,2025-10-13
3607,922,16,2,Cash,2024-10-07
3608,680,6,5,Cash,2025-01-21
3609,382,14,1,Cash,2025-10-09
3610,262,9,2,Net Banking,2026-05-07
3611,249,14,4,Card,2025-03-29
3612,965,8,1,Net Banking,2024-11-01
3613,313,6,2,UPI,2026-02-15
3614,981,13,3,Card,2024-09-15
3615,906,10,5,Net Banking,2026-03-20
3616,783,16,4,UPI,2024-11-23
3617,885,6,3,Card,2025-01-15
3618,884,7,3,Net Banking,2025-11-07
3619,308,2,4,UPI,2025-07-05
3620,414,4,5,UPI,2024-08-24
3621,970,10,5,UPI,2025-09-04
3622,379,1,5,Cash,2025-05-04
3623,249,8,4,Cash,2025-05-08
3624,125,14,3,Card,2025-12-19
3625,169,4,5,UPI,2025-12-30
3626,792,2,3,Cash,2024-12-22
3627,887,5,2,Cash,2026-06-17
3628,14,16,1,Cash,2024-10-21
3629,185,3,1,Card,2025-10-26
3630,709,3,2,Cash,2024-11-04
3631,409,14,4,Cash,2025-01-08
3632,658,9,5,Net Banking,2025-03-17
3633,229,1,5,Card,2024-11-03
3634,820,9,4,UPI,2024-07-21
3635,341,11,5,Net Banking,2025-07-23
3636,245,14,3,Net Banking,2025-12-05
3637,869,2,1,UPI,2024-08-09
3638,691,10,1,Card,2024-11-03
3639,777,12,5,Net Banking,2025-03-12
3640,577,7,1,Net Banking,2025-12-06
3641,157,2,1,Net Banking,2026-03-15
3642,677,3,2,Net Banking,2025-04-16
3643,687,1,1,Card,2024-08-04
3644,87,7,2,UPI,2026-04-24
3645,148,1,4,Cash,2024-10-06
3646,93,12,4,Cash,2025-12-18
3647,417,14,5,Cash,2025-03-22
3648,12,3,1,Cash,2025-06-25
3649,60,15,2,Card,2024-10-01
3650,17,4,1,Card,2025-08-10
3651,984,12,4,Card,2025-04-29
3652,423,15,5,Card,2026-05-08
3653,896,3,3,UPI,2024-11-01
3654,424,14,3,Card,2025-07-30
3655,864,6,1,UPI,2025-10-03
3656,726,8,1,Net Banking,2026-03-10
3657,364,7,2,Net Banking,2026-04-05
3658,411,13,1,Cash,2024-10-24
3659,433,8,3,Cash,2024-07-16
3660,798,3,1,UPI,2025-10-19
3661,363,3,1,Net Banking,2026-05-08
3662,284,14,3,UPI,2025-01-26
3663,418,16,2,Card,2025-05-27
3664,172,4,2,UPI,2026-01-17
3665,907,11,1,Cash,2025-12-22
3666,973,5,4,UPI,2026-06-04
3667,509,9,5,Net Banking,2025-10-24
3668,415,10,2,Net Banking,2026-03-30
3669,256,12,2,Cash,2025-03-27
3670,601,10,1,UPI,2026-05-24
3671,482,2,5,Card,2025-11-22
3672,652,16,5,Cash,2025-03-31
3673,528,14,2,Net Banking,2025-02-06
3674,711,1,2,UPI,2024-09-23
3675,773,6,3,Card,2025-05-10
3676,120,2,3,Cash,2025-08-10
3677,839,13,1,Card,2025-10-25
3678,599,11,1,Net Banking,2026-06-07
3679,631,2,3,UPI,2025-04-05
3680,349,1,2,Cash,2024-07-22
3681,469,6,2,UPI,2026-05-08
3682,783,12,4,UPI,2025-05-28
3683,96,14,4,UPI,2025-11-29
3684,619,5,2,Cash,2024-08-27
3685,886,14,3,UPI,2025-12-08
3686,483,2,3,Net Banking,2024-11-17
3687,357,5,5,Net Banking,2025-06-10
3688,570,1,3,Net Banking,2025-12-16
3689,959,14,4,Net Banking,2025-03-03
3690,489,12,3,UPI,2025-06-12
3691,11,13,5,Net Banking,2025-11-10
3692,490,12,1,UPI,2025-01-01
3693,827,1,5,Net Banking,2025-02-01
3694,662,8,3,Net Banking,2025-02-08
3695,821,5,2,UPI,2025-04-30
3696,287,7,2,UPI,2024-09-21
3697,24,10,3,Card,2025-02-12
3698,404,4,4,UPI,2024-09-01
3699,5,5,1,Card,2024-09-05
3700,496,8,4,Net Banking,2024-12-19
3701,319,3,1,Cash,2024-08-12
3702,799,1,4,Cash,2025-07-15
3703,344,8,3,Card,2026-05-19
3704,174,8,1,Cash,2024-11-07
3705,446,11,1,UPI,2025-05-09
3706,22,11,5,Net Banking,2024-08-25
3707,721,5,3,Net Banking,2025-08-26
3708,731,9,3,UPI,2024-08-03
3709,653,6,1,Cash,2024-07-19
3710,767,12,5,Card,2026-01-17
3711,168,9,3,Card,2025-01-04
3712,286,4,2,Card,2025-04-08
3713,947,4,3,Cash,2025-08-24
3714,671,10,1,Net Banking,2025-06-18
3715,965,4,2,Cash,2025-10-06
3716,260,16,3,Net Banking,2025-02-11
3717,746,2,2,UPI,2025-09-24
3718,588,8,3,Net Banking,2025-07-10
3719,350,7,2,Net Banking,2024-07-14
3720,709,4,1,Cash,2025-10-24
3721,607,14,5,Cash,2024-07-08
3722,931,13,5,Net Banking,2025-08-17
3723,860,16,4,UPI,2025-10-21
3724,175,10,3,Cash,2025-10-13
3725,744,7,4,Net Banking,2025-09-30
3726,821,2,3,Card,2024-10-11
3727,680,1,3,UPI,2024-07-09
3728,11,8,4,Cash,2026-02-27
3729,774,15,2,Cash,2026-01-27
3730,570,9,5,Net Banking,2025-07-03
3731,185,16,2,UPI,2025-07-11
3732,331,16,3,UPI,2025-04-02
3733,90,1,5,UPI,2024-11-25
3734,278,6,4,UPI,2025-03-30
3735,227,16,3,Net Banking,2025-01-15
3736,471,14,5,UPI,2026-03-23
3737,768,10,1,UPI,2025-09-14
3738,670,15,4,Net Banking,2025-04-13
3739,753,7,3,Card,2025-05-30
3740,656,8,2,Cash,2026-01-27
3741,977,3,2,Cash,2024-10-05
3742,750,4,1,Card,2024-08-18
3743,703,5,3,UPI,2025-02-16
3744,278,4,2,UPI,2025-08-18
3745,469,13,1,Net Banking,2025-03-23
3746,344,3,1,UPI,2026-01-17
3747,986,7,5,UPI,2025-09-01
3748,18,6,4,Cash,2024-07-16
3749,777,8,2,UPI,2025-04-18
3750,396,1,5,Net Banking,2024-09-14
3751,492,11,2,Net Banking,2024-12-06
3752,671,10,4,Card,2025-05-17
3753,205,7,1,Net Banking,2025-01-29
3754,473,5,5,Card,2025-11-21
3755,798,1,1,Net Banking,2025-07-26
3756,170,3,3,Card,2025-06-08
3757,11,12,2,UPI,2025-12-17
3758,57,13,5,Cash,2026-06-06
3759,913,4,4,Cash,2024-10-04
3760,62,13,5,Cash,2026-03-21
3761,490,2,3,UPI,2024-07-15
3762,67,16,2,Net Banking,2025-05-09
3763,712,8,1,Cash,2024-10-21
3764,472,15,4,Cash,2025-07-05
3765,809,4,3,UPI,2026-02-10
3766,777,13,4,Card,2025-12-18
3767,142,13,1,Net Banking,2024-09-04
3768,18,7,5,UPI,2024-09-01
3769,336,12,1,UPI,2026-05-06
3770,981,3,2,Net Banking,2024-07-21
3771,800,3,5,Card,2025-03-09
3772,565,15,2,Net Banking,2025-06-21
3773,462,11,5,Cash,2025-01-11
3774,68,9,1,Cash,2026-04-03
3775,29,2,2,Net Banking,2025-04-12
3776,286,8,5,Cash,2026-01-14
3777,326,5,3,UPI,2024-11-14
3778,766,13,5,Net Banking,2025-09-02
3779,346,11,5,Net Banking,2025-01-03
3780,410,10,3,Cash,2025-10-06
3781,232,12,4,Cash,2026-05-21
3782,65,12,1,Net Banking,2025-04-20
3783,582,14,4,Cash,2024-11-12
3784,207,12,2,UPI,2026-03-03
3785,894,12,5,Card,2024-09-29
3786,94,3,4,Card,2026-06-20
3787,697,8,5,Card,2025-12-15
3788,444,13,4,UPI,2024-12-09
3789,306,15,3,Card,2025-10-10
3790,919,8,4,Cash,2025-04-11
3791,516,5,5,UPI,2025-08-18
3792,336,14,3,Net Banking,2025-07-17
3793,263,12,2,Card,2024-07-11
3794,337,16,4,UPI,2026-03-16
3795,523,6,4,Net Banking,2024-10-20
3796,848,11,2,UPI,2025-09-24
3797,693,7,3,Card,2025-12-01
3798,8,1,3,Net Banking,2024-11-09
3799,604,10,1,Net Banking,2025-10-08
3800,970,2,3,Cash,2024-08-25
3801,793,1,4,Card,2025-07-12
3802,614,10,1,Net Banking,2024-09-04
3803,779,14,1,UPI,2025-02-05
3804,605,7,1,UPI,2025-01-27
3805,266,5,4,Net Banking,2025-01-20
3806,478,1,2,UPI,2025-07-03
3807,290,6,1,Cash,2025-06-19
3808,242,8,2,Net Banking,2025-03-19
3809,415,10,4,UPI,2025-12-23
3810,750,14,1,Net Banking,2025-07-30
3811,241,14,2,UPI,2025-08-03
3812,439,16,2,Cash,2025-07-24
3813,890,16,3,Card,2025-01-09
3814,311,2,5,UPI,2025-07-13
3815,103,14,5,UPI,2026-04-02
3816,766,2,2,Card,2025-01-17
3817,922,15,4,Cash,2026-05-06
3818,29,8,4,Cash,2025-06-19
3819,142,9,5,Card,2025-11-20
3820,875,3,4,Card,2026-06-24
3821,289,1,5,UPI,2025-02-27
3822,467,10,2,Net Banking,2025-10-26
3823,44,11,1,Net Banking,2025-04-27
3824,720,2,3,Net Banking,2024-09-29
3825,880,2,3,Card,2025-10-26
3826,73,3,2,Net Banking,2024-12-29
3827,461,2,5,UPI,2025-10-06
3828,365,8,3,Net Banking,2025-11-12
3829,239,7,2,Card,2025-02-06
3830,755,12,1,Net Banking,2026-04-03
3831,790,4,3,Card,2024-06-28
3832,593,6,1,Net Banking,2024-07-07
3833,153,11,1,Net Banking,2024-08-08
3834,191,3,2,Net Banking,2026-03-03
3835,104,7,5,Net Banking,2025-01-26
3836,643,16,1,Cash,2024-09-04
3837,611,10,3,UPI,2025-10-17
3838,492,3,5,Card,2026-05-24
3839,765,9,3,Card,2025-06-17
3840,232,15,2,Card,2025-07-07
3841,3,7,5,Net Banking,2026-04-07
3842,218,3,4,Card,2025-04-03
3843,765,1,5,Card,2024-08-04
3844,800,14,2,Card,2025-01-07
3845,906,5,2,Cash,2024-07-19
3846,675,9,4,Card,2025-01-21
3847,412,11,4,Cash,2026-04-02
3848,1,14,2,UPI,2024-07-10
3849,1,4,1,Net Banking,2024-11-03
3850,227,12,1,Net Banking,2024-12-19
3851,480,10,5,Cash,2025-11-30
3852,536,1,2,Cash,2025-10-18
3853,767,3,3,Net Banking,2025-02-01
3854,737,4,4,Card,2026-06-25
3855,639,5,1,Cash,2025-04-30
3856,320,16,3,Cash,2024-10-01
3857,654,1,1,Cash,2024-08-24
3858,316,15,4,Cash,2025-07-21
3859,510,11,2,UPI,2026-04-26
3860,798,6,2,UPI,2025-06-08
3861,55,8,1,Cash,2026-05-19
3862,651,15,5,Card,2026-01-08
3863,784,10,2,Net Banking,2025-09-14
3864,577,1,5,Net Banking,2024-09-17
3865,490,3,5,Net Banking,2025-03-26
3866,30,8,2,Card,2025-03-04
3867,81,16,4,Card,2025-04-06
3868,273,16,1,Cash,2026-01-23
3869,678,10,1,UPI,2025-12-27
3870,829,2,2,Card,2026-04-25
3871,379,4,1,UPI,2026-02-20
3872,142,10,5,UPI,2025-06-23
3873,699,11,1,Cash,2025-10-16
3874,349,7,3,Net Banking,2025-02-16
3875,618,2,1,Net Banking,2025-01-01
3876,199,4,5,Cash,2025-01-16
3877,374,3,3,UPI,2024-06-30
3878,670,6,5,Card,2024-07-03
3879,826,7,4,Card,2026-02-19
3880,203,7,1,Cash,2025-01-05
3881,949,13,3,Net Banking,2024-07-20
3882,55,11,4,Net Banking,2025-09-06
3883,322,13,1,Cash,2025-03-01
3884,721,1,1,Net Banking,2024-11-28
3885,233,13,4,UPI,2024-07-01
3886,683,6,1,Cash,2026-02-03
3887,102,2,5,Cash,2025-06-06
3888,288,15,2,Net Banking,2025-01-18
3889,183,14,1,Card,2025-12-02
3890,89,13,3,UPI,2025-12-31
3891,615,1,5,UPI,2025-12-16
3892,19,5,1,UPI,2026-01-20
3893,802,13,3,Net Banking,2024-12-04
3894,664,1,2,Cash,2026-05-17
3895,459,16,4,UPI,2026-05-29
3896,698,11,1,Net Banking,2024-10-06
3897,983,11,3,Cash,2026-01-16
3898,141,3,4,Cash,2024-10-27
3899,663,15,3,Cash,2024-08-10
3900,893,2,4,UPI,2025-04-12
3901,841,11,3,Card,2024-10-15
3902,728,6,4,Cash,2025-01-30
3903,990,1,3,Net Banking,2025-10-18
3904,623,1,1,UPI,2025-11-24
3905,551,13,3,Cash,2025-04-01
3906,483,13,4,Cash,2024-07-10
3907,415,4,3,Net Banking,2025-04-13
3908,940,7,3,Net Banking,2026-01-05
3909,320,1,5,UPI,2025-04-08
3910,856,9,3,Card,2025-03-10
3911,399,16,2,Cash,2025-12-25
3912,35,3,1,Cash,2025-04-20
3913,474,9,4,UPI,2024-08-14
3914,649,4,3,Card,2024-10-17
3915,536,6,3,Card,2025-09-28
3916,628,14,3,Card,2026-02-11
3917,760,6,3,UPI,2026-05-02
3918,485,16,4,Net Banking,2025-02-04
3919,776,5,1,Net Banking,2025-05-21
3920,234,12,3,Card,2026-06-22
3921,866,3,2,UPI,2024-08-23
3922,919,7,1,Card,2025-03-26
3923,533,4,1,Card,2025-02-17
3924,228,6,4,Cash,2026-04-22
3925,778,9,2,Card,2024-10-21
3926,149,5,2,Net Banking,2024-10-05
3927,1,12,1,Cash,2025-01-31
3928,392,15,5,Card,2025-09-30
3929,117,9,3,UPI,2024-12-08
3930,424,9,5,Net Banking,2025-12-23
3931,82,16,3,Cash,2024-12-07
3932,128,12,4,Net Banking,2025-03-29
3933,623,1,4,Cash,2025-10-06
3934,303,12,1,Net Banking,2026-03-11
3935,645,14,5,Card,2025-07-19
3936,752,3,5,Card,2026-02-15
3937,61,11,3,Card,2024-10-11
3938,675,15,4,UPI,2024-10-26
3939,8,6,4,UPI,2025-05-16
3940,292,4,2,Cash,2025-11-18
3941,948,13,1,Card,2024-10-01
3942,27,9,1,Card,2025-03-19
3943,610,16,5,Cash,2025-01-14
3944,301,10,2,Card,2024-12-11
3945,879,13,3,UPI,2024-07-24
3946,271,5,2,UPI,2025-03-17
3947,726,13,2,Cash,2025-12-27
3948,975,13,4,UPI,2024-08-01
3949,438,8,5,Cash,2024-06-25
3950,471,3,1,UPI,2025-03-16
3951,663,7,2,Net Banking,2025-06-24
3952,779,2,4,Card,2025-01-11
3953,295,5,4,Net Banking,2026-06-07
3954,609,8,3,Card,2025-07-01
3955,472,7,3,Card,2025-12-05
3956,662,4,1,Net Banking,2024-09-30
3957,891,5,5,UPI,2025-06-05
3958,372,3,3,Card,2025-08-19
3959,658,5,2,Cash,2026-01-14
3960,429,5,2,Cash,2025-12-26
3961,570,13,4,UPI,2025-11-22
3962,254,3,4,UPI,2024-08-26
3963,233,7,2,UPI,2026-02-24
3964,881,6,2,Net Banking,2024-09-02
3965,871,15,3,Net Banking,2024-08-20
3966,688,12,5,Card,2025-12-19
3967,401,14,4,Card,2024-09-11
3968,979,8,5,UPI,2024-08-20
3969,307,16,1,Cash,2025-11-24
3970,375,11,2,Net Banking,2025-11-28
3971,670,13,5,Card,2025-08-24
3972,173,14,1,UPI,2025-04-02
3973,155,9,1,Cash,2026-06-05
3974,370,14,1,UPI,2025-03-13
3975,390,13,5,UPI,2026-04-04
3976,935,10,3,Net Banking,2026-03-13
3977,736,5,3,Net Banking,2024-10-08
3978,781,8,3,Net Banking,2025-05-25
3979,506,13,3,Card,2026-05-18
3980,336,14,3,UPI,2025-02-01
3981,870,2,3,Net Banking,2024-07-13
3982,950,2,3,UPI,2025-02-18
3983,538,10,5,UPI,2024-12-24
3984,740,3,2,UPI,2024-12-16
3985,577,10,4,UPI,2025-09-03
3986,311,13,1,Card,2025-07-20
3987,787,8,2,UPI,2025-08-12
3988,736,2,4,Card,2026-06-13
3989,215,10,2,Card,2025-03-03
3990,82,8,4,Cash,2025-08-15
3991,53,1,5,Card,2025-12-17
3992,781,10,3,UPI,2024-06-30
3993,158,13,4,UPI,2026-03-08
3994,606,14,4,Net Banking,2025-12-28
3995,937,5,3,UPI,2024-09-08
3996,191,15,4,Card,2025-03-05
3997,534,14,1,UPI,2025-05-09
3998,639,10,4,Card,2025-02-27
3999,244,14,5,UPI,2025-12-01
4000,773,14,2,Cash,2024-09-02
4001,506,4,2,Cash,2025-04-16
4002,585,6,2,Cash,2026-04-17
4003,384,9,1,Card,2026-06-06
4004,764,2,3,Cash,2026-05-25
4005,941,2,4,Cash,2024-12-11
4006,56,15,5,Cash,2024-10-18
4007,18,1,4,Cash,2025-06-13
4008,900,5,4,Card,2025-11-29
4009,978,11,3,Card,2024-08-20
4010,247,5,2,Cash,2026-03-23
4011,897,10,3,Cash,2025-01-07
4012,72,14,2,Card,2025-05-30
4013,775,12,3,Net Banking,2024-10-28
4014,19,3,4,Cash,2024-10-11
4015,531,14,4,Card,2025-09-29
4016,832,5,1,Cash,2026-04-10
4017,613,9,5,Card,2025-12-23
4018,319,3,3,Cash,2024-12-15
4019,217,2,4,UPI,2025-06-27
4020,783,16,5,Cash,2025-07-07
4021,877,9,2,UPI,2025-01-14
4022,96,16,1,UPI,2026-06-22
4023,288,14,4,Cash,2024-12-11
4024,275,13,2,Net Banking,2025-05-27
4025,636,8,3,UPI,2025-04-15
4026,117,13,5,Cash,2024-10-05
4027,303,10,4,Cash,2025-08-23
4028,301,14,4,UPI,2025-08-11
4029,662,13,2,Cash,2026-04-12
4030,76,12,3,Cash,2025-04-25
4031,860,7,2,Card,2025-06-05
4032,265,16,1,Cash,2025-05-09
4033,896,11,4,UPI,2025-04-03
4034,663,11,4,Card,2025-09-19
4035,287,6,2,Net Banking,2025-11-23
4036,955,3,2,Card,2025-01-07
4037,707,15,2,UPI,2025-10-19
4038,700,9,3,UPI,2024-09-19
4039,27,2,2,UPI,2024-09-12
4040,224,5,4,UPI,2024-07-03
4041,961,9,2,UPI,2025-08-13
4042,611,7,4,UPI,2026-06-24
4043,400,7,5,Cash,2025-02-20
4044,245,14,2,Net Banking,2025-01-20
4045,366,15,4,Card,2025-12-29
4046,128,6,3,Card,2025-08-29
4047,593,2,1,UPI,2024-12-16
4048,843,3,3,UPI,2024-12-26
4049,37,12,2,Net Banking,2025-01-23
4050,471,6,3,Net Banking,2026-05-25
4051,678,8,1,Card,2025-11-12
4052,854,6,4,Net Banking,2025-09-08
4053,42,8,3,Cash,2025-09-26
4054,550,14,5,Net Banking,2024-07-11
4055,2,6,1,UPI,2024-12-15
4056,715,16,1,Net Banking,2024-12-23
4057,964,14,3,Card,2025-11-27
4058,70,7,2,Cash,2026-02-01
4059,180,3,1,Card,2025-03-03
4060,687,4,2,UPI,2025-10-17
4061,160,9,1,Cash,2025-01-28
4062,414,15,1,Card,2026-02-20
4063,409,5,1,Card,2026-03-05
4064,276,8,5,UPI,2024-11-27
4065,956,3,3,Cash,2024-10-20
4066,726,8,4,Card,2025-12-04
4067,700,14,4,Cash,2025-07-08
4068,460,8,1,Net Banking,2025-05-02
4069,16,16,2,Card,2026-02-08
4070,826,9,5,UPI,2025-02-26
4071,38,4,3,Card,2025-12-18
4072,669,6,2,Cash,2024-09-23
4073,986,1,1,UPI,2025-02-18
4074,595,3,2,Card,2025-04-23
4075,383,6,5,UPI,2024-07-25
4076,446,12,3,UPI,2024-08-02
4077,638,16,3,Cash,2026-01-19
4078,636,12,1,UPI,2024-07-07
4079,769,9,4,Card,2026-04-03
4080,503,16,3,Net Banking,2024-08-09
4081,916,13,1,Net Banking,2025-11-27
4082,113,6,2,UPI,2024-09-18
4083,310,9,2,UPI,2024-08-23
4084,182,6,2,UPI,2024-12-20
4085,810,8,4,Net Banking,2026-03-10
4086,699,5,4,Net Banking,2024-12-22
4087,176,14,5,Cash,2025-07-17
4088,12,6,1,Net Banking,2024-11-19
4089,473,9,1,Net Banking,2025-04-22
4090,915,4,3,Cash,2024-08-21
4091,830,1,1,Cash,2025-10-09
4092,826,16,3,Net Banking,2026-05-10
4093,245,9,3,UPI,2025-11-05
4094,580,16,5,Net Banking,2026-01-29
4095,871,7,3,Cash,2026-01-05
4096,932,12,5,Cash,2026-05-21
4097,383,9,1,Cash,2026-04-22
4098,252,12,2,Card,2025-01-26
4099,522,2,3,Cash,2024-08-17
4100,860,14,2,UPI,2025-09-16
4101,279,1,1,Card,2024-09-13
4102,895,16,4,Net Banking,2025-02-06
4103,19,13,1,Card,2025-12-21
4104,790,2,2,Net Banking,2025-04-12
4105,881,3,4,Cash,2025-05-17
4106,842,14,1,UPI,2024-10-07
4107,446,16,3,UPI,2026-03-01
4108,614,13,2,Net Banking,2024-12-15
4109,359,7,2,Net Banking,2026-03-23
4110,39,7,2,Net Banking,2025-12-12
4111,829,1,1,Net Banking,2025-04-02
4112,64,7,1,Card,2026-06-24
4113,51,5,5,UPI,2025-07-01
4114,213,15,5,Net Banking,2024-08-28
4115,268,15,2,UPI,2026-05-26
4116,531,10,5,UPI,2025-02-13
4117,836,1,2,Net Banking,2025-08-21
4118,970,13,3,Net Banking,2026-05-05
4119,116,4,5,Card,2025-12-21
4120,73,4,5,Cash,2024-11-19
4121,315,10,1,Card,2025-01-31
4122,642,10,1,Cash,2024-09-16
4123,821,4,4,UPI,2025-01-04
4124,685,3,4,Card,2024-07-21
4125,763,16,5,Card,2026-03-18
4126,961,6,3,Cash,2025-11-15
4127,727,15,3,UPI,2024-08-25
4128,589,10,4,UPI,2025-02-17
4129,318,2,5,Card,2026-06-09
4130,878,3,5,UPI,2024-12-21
4131,768,16,1,Net Banking,2025-08-18
4132,656,12,5,Net Banking,2026-02-26
4133,164,6,3,Net Banking,2024-08-09
4134,116,1,2,UPI,2025-10-02
4135,743,11,2,Cash,2024-12-22
4136,136,9,5,UPI,2025-09-26
4137,996,8,5,Cash,2026-04-28
4138,259,9,5,Net Banking,2026-04-04
4139,714,12,4,Cash,2025-05-25
4140,625,3,5,Cash,2025-05-17
4141,355,2,3,UPI,2024-11-06
4142,907,15,3,Cash,2025-12-23
4143,392,5,3,Net Banking,2024-09-06
4144,100,15,3,UPI,2026-02-13
4145,927,5,5,Net Banking,2025-01-03
4146,475,15,3,Net Banking,2025-09-30
4147,944,4,2,Card,2025-06-02
4148,441,1,3,Cash,2024-11-25
4149,843,3,3,UPI,2025-02-28
4150,92,6,5,UPI,2024-12-05
4151,800,13,2,Net Banking,2024-12-06
4152,237,6,4,Cash,2024-12-27
4153,695,2,1,UPI,2024-08-26
4154,548,14,4,Cash,2024-12-08
4155,648,7,3,Cash,2025-06-07
4156,726,15,5,Net Banking,2025-09-06
4157,919,14,3,UPI,2026-03-08
4158,504,7,5,UPI,2024-12-27
4159,915,8,3,UPI,2025-09-08
4160,578,1,2,Net Banking,2025-08-27
4161,336,2,5,UPI,2025-02-19
4162,79,2,4,Cash,2025-06-22
4163,963,7,2,UPI,2025-12-19
4164,124,1,5,Net Banking,2026-03-05
4165,825,15,4,Card,2025-02-18
4166,529,9,2,UPI,2025-05-09
4167,916,6,2,Card,2025-07-30
4168,413,9,2,Card,2025-09-03
4169,120,5,1,Net Banking,2025-10-06
4170,415,9,5,UPI,2024-07-25
4171,927,13,1,Cash,2024-09-08
4172,382,15,4,Net Banking,2024-07-11
4173,951,12,5,Net Banking,2025-07-07
4174,479,14,3,UPI,2025-03-10
4175,960,8,1,Cash,2025-05-25
4176,454,1,5,Cash,2026-06-19
4177,806,13,4,Net Banking,2026-01-27
4178,701,1,2,UPI,2025-10-05
4179,619,5,4,UPI,2024-10-07
4180,686,6,1,Net Banking,2024-07-09
4181,121,9,3,Net Banking,2026-06-09
4182,256,1,4,UPI,2026-04-23
4183,882,12,1,Card,2025-07-06
4184,864,14,4,Cash,2025-03-20
4185,907,2,2,Card,2025-06-26
4186,16,13,5,Cash,2024-10-21
4187,624,4,5,Net Banking,2024-07-04
4188,356,2,5,Cash,2025-05-04
4189,776,15,2,UPI,2024-12-12
4190,801,16,4,UPI,2025-09-22
4191,105,13,5,UPI,2026-04-12
4192,466,5,3,UPI,2026-02-16
4193,468,15,2,Net Banking,2026-03-13
4194,534,9,4,Card,2024-08-17
4195,765,8,5,Cash,2026-02-04
4196,850,14,3,Card,2025-12-17
4197,209,7,1,Cash,2024-11-24
4198,568,12,5,Net Banking,2024-10-25
4199,374,6,3,Card,2024-09-25
4200,114,16,5,Card,2024-08-10
4201,92,11,5,Cash,2026-04-21
4202,845,16,4,Card,2024-11-27
4203,731,5,5,Card,2026-03-16
4204,63,4,4,Net Banking,2024-07-17
4205,528,8,3,Cash,2025-08-06
4206,628,1,1,Card,2026-04-23
4207,848,6,3,Net Banking,2026-01-05
4208,404,3,5,Card,2025-09-10
4209,893,7,3,UPI,2025-04-12
4210,991,8,5,Cash,2026-05-08
4211,621,12,1,Cash,2024-08-09
4212,927,9,3,Net Banking,2024-07-11
4213,225,9,1,Cash,2024-09-28
4214,332,15,2,Card,2025-12-22
4215,817,3,2,Card,2026-05-12
4216,254,11,5,Cash,2024-08-11
4217,971,15,2,Card,2026-04-10
4218,734,7,2,Cash,2024-10-24
4219,802,16,2,Net Banking,2025-04-03
4220,6,9,2,UPI,2025-12-13
4221,416,3,5,Net Banking,2026-06-05
4222,533,13,5,Cash,2024-08-06
4223,909,14,4,Card,2024-10-07
4224,259,13,2,Cash,2026-04-12
4225,802,10,1,UPI,2025-05-13
4226,607,11,3,Net Banking,2025-05-08
4227,276,16,2,UPI,2026-03-26
4228,700,15,1,Cash,2025-02-28
4229,453,3,5,Net Banking,2024-07-20
4230,557,14,2,Card,2025-06-14
4231,883,8,2,Net Banking,2025-11-11
4232,672,10,3,Cash,2026-03-07
4233,72,2,1,UPI,2026-06-08
4234,14,12,3,Card,2026-06-22
4235,260,11,4,Card,2024-10-09
4236,823,4,2,UPI,2026-03-15
4237,617,9,2,UPI,2025-04-05
4238,714,13,1,Net Banking,2026-01-13
4239,999,7,3,Net Banking,2025-09-22
4240,46,7,4,Net Banking,2024-08-16
4241,799,12,3,Net Banking,2024-07-09
4242,400,14,1,UPI,2024-11-27
4243,908,7,5,Cash,2024-08-26
4244,728,8,5,Cash,2024-07-30
4245,101,14,4,UPI,2026-01-23
4246,300,4,2,Cash,2026-03-29
4247,670,7,5,Net Banking,2026-05-26
4248,528,10,5,Card,2025-08-09
4249,510,2,4,Net Banking,2025-06-13
4250,182,9,1,UPI,2026-02-27
4251,737,6,3,UPI,2024-08-02
4252,75,8,5,Cash,2026-05-21
4253,646,4,1,Net Banking,2024-07-19
4254,448,10,5,Card,2024-11-20
4255,693,7,4,Net Banking,2025-02-25
4256,770,10,2,Card,2025-12-16
4257,850,4,3,Cash,2024-08-28
4258,785,3,1,UPI,2025-08-15
4259,288,8,5,Cash,2024-10-08
4260,206,9,3,Card,2026-05-08
4261,483,4,4,UPI,2024-10-26
4262,340,12,5,Net Banking,2025-06-30
4263,48,5,2,UPI,2025-04-16
4264,138,10,4,Cash,2025-06-22
4265,405,14,1,Net Banking,2025-07-08
4266,306,14,2,Cash,2025-03-05
4267,594,16,1,Net Banking,2026-01-29
4268,632,11,2,Card,2026-03-20
4269,136,6,3,UPI,2025-03-17
4270,231,3,2,Card,2025-06-11
4271,703,5,4,Cash,2025-09-17
4272,87,5,2,Card,2024-07-02
4273,750,5,1,Card,2026-04-14
4274,653,6,3,Card,2025-06-23
4275,939,15,2,Cash,2025-12-15
4276,518,4,5,Cash,2024-08-03
4277,768,10,5,Cash,2024-11-07
4278,447,4,3,Card,2026-05-28
4279,895,12,4,Card,2024-08-06
4280,694,12,5,Net Banking,2024-10-23
4281,115,4,4,Cash,2025-05-01
4282,460,9,2,Card,2025-12-25
4283,278,7,4,UPI,2026-03-21
4284,335,16,5,Card,2025-12-21
4285,132,5,2,Net Banking,2025-11-11
4286,447,16,4,Net Banking,2024-09-19
4287,174,12,5,Card,2025-07-12
4288,187,11,4,UPI,2025-06-17
4289,326,16,3,Cash,2025-12-14
4290,67,16,4,Cash,2025-09-05
4291,148,15,5,UPI,2025-01-08
4292,233,9,5,Net Banking,2026-01-10
4293,741,8,2,UPI,2025-05-29
4294,836,6,4,Net Banking,2026-01-04
4295,952,1,3,Net Banking,2025-05-01
4296,892,13,2,Net Banking,2024-11-06
4297,853,5,5,Cash,2026-01-22
4298,415,3,4,Net Banking,2026-02-04
4299,930,4,5,Cash,2026-06-24
4300,894,9,5,Net Banking,2025-07-25
4301,153,5,2,Cash,2024-12-24
4302,55,15,1,Cash,2024-12-31
4303,837,11,2,Card,2024-11-06
4304,589,3,5,Net Banking,2025-08-07
4305,36,16,4,Net Banking,2026-04-26
4306,263,16,1,Card,2024-08-10
4307,826,16,4,Card,2024-09-13
4308,507,16,3,Net Banking,2026-02-16
4309,618,3,3,Net Banking,2025-08-27
4310,475,7,2,UPI,2025-05-20
4311,973,15,5,Net Banking,2024-10-28
4312,442,10,2,Cash,2026-02-15
4313,809,6,1,UPI,2024-11-22
4314,91,12,2,Net Banking,2024-11-24
4315,815,7,4,Net Banking,2025-11-30
4316,77,13,1,Net Banking,2025-06-18
4317,665,11,4,UPI,2026-04-05
4318,163,12,1,Cash,2025-07-27
4319,983,7,1,Card,2025-08-10
4320,622,15,3,Cash,2025-01-20
4321,337,12,5,Net Banking,2025-04-26
4322,254,14,1,Card,2025-06-11
4323,83,10,1,UPI,2026-02-07
4324,977,6,3,Net Banking,2024-11-16
4325,37,8,4,UPI,2025-12-26
4326,416,8,1,UPI,2025-09-01
4327,192,3,4,Cash,2025-01-15
4328,333,12,5,Card,2024-12-06
4329,146,2,5,Net Banking,2025-12-27
4330,111,14,1,Net Banking,2026-03-31
4331,871,16,3,Net Banking,2025-03-25
4332,899,13,3,Card,2025-06-14
4333,940,15,3,Card,2026-01-18
4334,148,11,3,Card,2026-03-18
4335,516,10,2,Card,2025-12-04
4336,844,8,5,Net Banking,2026-01-20
4337,912,2,1,Net Banking,2026-03-14
4338,690,12,3,UPI,2025-12-04
4339,274,15,3,UPI,2026-02-19
4340,572,15,1,Net Banking,2025-04-16
4341,2,10,5,Cash,2026-04-16
4342,934,1,3,Net Banking,2026-05-08
4343,122,15,4,Net Banking,2024-07-17
4344,26,12,3,Net Banking,2025-08-12
4345,949,12,4,Card,2025-10-01
4346,189,5,5,Net Banking,2025-01-19
4347,80,12,5,UPI,2024-11-21
4348,988,2,2,UPI,2026-02-10
4349,110,6,5,UPI,2024-12-17
4350,978,9,3,Net Banking,2026-02-15
4351,781,9,5,UPI,2024-10-28
4352,489,3,5,Cash,2025-08-10
4353,174,9,3,Cash,2024-09-01
4354,432,16,1,Cash,2025-12-21
4355,657,6,2,Cash,2025-11-01
4356,893,13,1,Card,2026-01-26
4357,830,6,5,UPI,2024-09-01
4358,60,6,3,Card,2026-06-20
4359,367,14,1,Cash,2025-04-01
4360,259,15,1,Card,2026-01-28
4361,437,2,4,Card,2026-04-11
4362,931,10,4,Net Banking,2025-05-05
4363,647,11,5,UPI,2026-06-21
4364,228,15,2,Card,2025-04-18
4365,902,13,2,Cash,2024-11-08
4366,470,15,4,UPI,2025-03-29
4367,415,16,4,Cash,2026-03-04
4368,316,6,2,UPI,2026-04-10
4369,413,13,3,Card,2025-04-26
4370,447,11,5,UPI,2025-10-16
4371,419,6,3,Net Banking,2025-07-06
4372,4,13,4,Net Banking,2025-10-08
4373,937,14,2,Card,2025-05-04
4374,724,2,3,UPI,2024-12-16
4375,909,6,5,Card,2024-08-04
4376,528,10,1,UPI,2025-10-13
4377,467,9,2,Net Banking,2026-02-03
4378,563,16,2,Card,2025-01-30
4379,989,5,2,UPI,2026-03-20
4380,680,1,3,Cash,2026-05-05
4381,78,7,5,UPI,2025-05-20
4382,495,1,3,Cash,2025-10-14
4383,587,14,5,Card,2025-06-11
4384,508,8,3,Net Banking,2025-12-29
4385,97,10,2,UPI,2026-04-13
4386,429,15,1,Net Banking,2026-06-08
4387,250,12,5,Net Banking,2026-01-12
4388,866,2,3,UPI,2024-12-18
4389,71,4,1,Card,2025-11-09
4390,95,5,2,Card,2024-12-19
4391,560,2,3,Card,2025-10-17
4392,188,15,1,Net Banking,2026-01-15
4393,557,9,4,UPI,2024-08-27
4394,993,10,4,Card,2024-09-29
4395,701,3,1,Cash,2025-01-17
4396,120,16,3,Cash,2026-02-02
4397,101,11,5,Cash,2026-04-10
4398,681,1,3,UPI,2025-09-13
4399,679,14,2,UPI,2026-01-29
4400,902,8,3,Cash,2024-11-29
4401,632,16,4,UPI,2025-02-02
4402,271,14,2,Cash,2024-08-17
4403,619,7,5,Card,2025-04-03
4404,199,2,4,Cash,2026-03-11
4405,622,6,5,Net Banking,2025-10-29
4406,425,14,1,Card,2026-04-21
4407,767,8,1,Net Banking,2026-04-11
4408,941,6,2,Card,2025-01-25
4409,699,14,4,Card,2026-04-14
4410,327,12,5,Cash,2025-06-21
4411,404,6,4,Net Banking,2025-02-28
4412,957,1,2,UPI,2025-05-13
4413,111,9,5,UPI,2025-04-07
4414,865,6,5,Cash,2024-07-19
4415,603,2,2,Net Banking,2025-03-29
4416,39,12,1,Net Banking,2025-02-23
4417,574,3,5,Card,2026-01-24
4418,50,1,3,Cash,2024-08-07
4419,218,10,4,Card,2026-03-06
4420,611,15,5,Card,2024-08-04
4421,449,4,2,Card,2025-04-05
4422,689,13,5,Cash,2025-03-27
4423,841,11,3,UPI,2025-04-04
4424,485,1,1,Cash,2024-11-05
4425,752,10,3,UPI,2024-12-03
4426,799,14,5,UPI,2024-07-27
4427,806,14,4,Net Banking,2025-05-27
4428,595,11,3,Net Banking,2025-04-15
4429,809,8,3,Net Banking,2025-02-28
4430,973,13,2,UPI,2025-06-12
4431,364,13,1,Cash,2025-11-03
4432,819,2,2,Card,2025-10-05
4433,730,14,4,Cash,2026-03-26
4434,750,15,3,Card,2025-09-21
4435,222,6,2,UPI,2025-02-18
4436,549,9,2,Card,2025-01-26
4437,614,1,3,Net Banking,2026-03-21
4438,439,10,2,Cash,2025-01-14
4439,680,8,1,Cash,2024-11-30
4440,757,6,4,UPI,2024-09-03
4441,112,9,1,Net Banking,2026-01-16
4442,560,13,1,Cash,2025-05-04
4443,224,9,3,Card,2026-01-25
4444,792,8,3,Net Banking,2025-04-13
4445,666,2,3,Net Banking,2024-11-24
4446,603,4,3,Card,2025-10-09
4447,777,5,4,Cash,2025-01-08
4448,281,13,1,Net Banking,2025-01-18
4449,243,7,3,Card,2026-06-14
4450,987,1,1,Cash,2026-02-15
4451,563,8,4,Net Banking,2025-11-05
4452,412,8,3,UPI,2026-01-15
4453,778,16,5,Cash,2025-05-19
4454,34,16,5,Net Banking,2026-03-03
4455,611,11,5,UPI,2025-06-02
4456,616,2,4,Card,2024-07-30
4457,563,7,5,Net Banking,2025-03-01
4458,387,15,1,Cash,2026-01-24
4459,669,1,3,Net Banking,2025-11-17
4460,200,4,1,Cash,2025-05-12
4461,357,2,3,Card,2026-04-05
4462,488,6,3,Net Banking,2025-10-25
4463,852,11,3,Card,2025-07-11
4464,415,3,1,Cash,2025-11-13
4465,888,6,2,Cash,2024-08-16
4466,846,13,4,Card,2025-07-24
4467,713,5,4,Card,2026-01-07
4468,266,6,2,Cash,2025-09-23
4469,118,1,1,UPI,2024-07-26
4470,774,9,5,Net Banking,2025-06-08
4471,563,6,2,Cash,2026-05-24
4472,647,12,5,UPI,2024-10-01
4473,153,9,5,Net Banking,2024-11-01
4474,111,4,1,Net Banking,2026-01-24
4475,844,13,4,Net Banking,2026-05-05
4476,184,5,5,Card,2026-06-24
4477,33,1,5,UPI,2026-04-11
4478,579,6,5,Net Banking,2025-01-12
4479,138,14,2,Cash,2026-05-13
4480,94,4,2,UPI,2024-09-26
4481,72,10,2,Card,2024-09-29
4482,311,1,3,Card,2025-01-14
4483,694,6,5,Net Banking,2024-08-03
4484,474,5,3,Net Banking,2025-02-14
4485,744,7,5,Card,2025-04-30
4486,579,15,5,UPI,2026-01-17
4487,154,5,1,Cash,2025-11-03
4488,169,11,4,Card,2025-02-28
4489,690,12,5,Net Banking,2026-05-14
4490,785,16,5,Card,2025-08-16
4491,759,13,2,Cash,2026-01-31
4492,603,2,3,UPI,2024-10-25
4493,86,15,3,Net Banking,2025-12-24
4494,202,5,3,Cash,2025-03-22
4495,888,14,5,Net Banking,2025-08-21
4496,83,12,3,Net Banking,2025-04-23
4497,453,4,3,UPI,2024-11-24
4498,495,6,5,Net Banking,2025-06-08
4499,557,11,3,Net Banking,2024-12-20
4500,829,15,2,Card,2025-11-07
4501,533,14,3,Net Banking,2025-11-17
4502,206,13,1,Cash,2025-04-21
4503,695,11,4,UPI,2025-01-29
4504,968,5,4,Cash,2024-09-10
4505,293,6,4,UPI,2024-07-25
4506,47,16,5,Net Banking,2024-07-29
4507,757,5,1,Cash,2026-05-19
4508,797,3,1,Cash,2026-01-10
4509,182,2,5,Card,2024-12-02
4510,986,7,4,Cash,2025-09-17
4511,480,14,5,Net Banking,2026-02-20
4512,978,10,4,Net Banking,2024-11-21
4513,649,12,5,Card,2024-09-03
4514,529,6,5,Card,2025-04-13
4515,376,1,5,Card,2025-03-04
4516,533,14,1,Net Banking,2026-05-15
4517,896,3,5,Cash,2025-06-10
4518,950,13,5,Net Banking,2025-04-11
4519,517,13,5,UPI,2025-11-17
4520,898,14,5,Card,2025-05-23
4521,833,8,2,Cash,2025-04-15
4522,667,1,4,Net Banking,2025-11-23
4523,236,8,1,UPI,2025-04-28
4524,362,8,2,Cash,2026-06-11
4525,893,7,1,Card,2025-10-07
4526,888,11,5,Cash,2024-08-21
4527,510,6,2,Card,2025-12-05
4528,610,1,5,Card,2025-03-23
4529,911,15,4,Card,2026-01-18
4530,388,10,5,Cash,2024-11-02
4531,255,6,4,UPI,2025-03-03
4532,93,6,2,Net Banking,2025-07-06
4533,552,14,3,Card,2026-04-04
4534,438,13,2,UPI,2025-02-08
4535,334,6,4,Net Banking,2025-05-15
4536,3,7,5,Net Banking,2024-11-24
4537,907,12,5,Net Banking,2024-09-12
4538,768,8,3,Net Banking,2024-08-07
4539,72,11,4,Net Banking,2024-10-22
4540,338,2,5,UPI,2025-07-09
4541,522,11,1,Net Banking,2025-10-13
4542,426,13,1,UPI,2025-09-11
4543,764,14,4,UPI,2025-11-08
4544,838,11,1,UPI,2025-11-14
4545,151,8,2,Card,2025-06-30
4546,752,7,4,UPI,2025-10-14
4547,813,7,5,UPI,2024-07-20
4548,413,4,4,Cash,2024-11-19
4549,595,8,2,UPI,2025-06-13
4550,561,5,3,Net Banking,2025-11-22
4551,946,9,1,Card,2024-08-30
4552,510,8,5,Card,2024-12-05
4553,193,2,4,Cash,2025-04-15
4554,599,2,5,Net Banking,2025-11-29
4555,964,2,4,Card,2025-06-02
4556,941,12,4,Cash,2025-05-19
4557,304,7,5,Net Banking,2026-02-27
4558,569,7,2,Net Banking,2025-03-07
4559,261,8,5,UPI,2025-05-15
4560,267,9,5,UPI,2025-05-18
4561,567,16,3,UPI,2025-03-06
4562,645,10,4,UPI,2026-02-01
4563,92,15,3,UPI,2025-03-27
4564,402,9,2,Card,2025-11-28
4565,934,7,2,UPI,2026-02-22
4566,923,14,3,Card,2026-05-26
4567,158,10,2,UPI,2025-12-12
4568,316,3,4,Card,2026-05-14
4569,642,1,3,Cash,2026-06-10
4570,197,8,3,Net Banking,2026-01-12
4571,907,11,2,Card,2025-08-27
4572,732,12,5,UPI,2024-12-30
4573,245,2,4,Card,2025-11-26
4574,52,7,4,UPI,2025-02-19
4575,412,11,1,Cash,2024-10-17
4576,872,14,1,Cash,2026-01-14
4577,89,11,2,UPI,2025-08-22
4578,353,5,5,Cash,2025-01-05
4579,354,12,5,Card,2025-02-10
4580,621,14,3,UPI,2025-10-13
4581,944,8,1,UPI,2026-01-10
4582,78,12,4,UPI,2025-05-28
4583,723,9,1,Card,2025-02-21
4584,166,1,1,Card,2024-07-19
4585,891,3,2,UPI,2025-09-25
4586,994,13,5,UPI,2025-08-01
4587,829,1,5,UPI,2025-02-12
4588,392,4,3,UPI,2024-10-03
4589,781,12,3,Card,2026-03-14
4590,758,6,4,Cash,2024-11-21
4591,957,5,4,Cash,2026-03-29
4592,538,13,2,UPI,2026-05-21
4593,762,5,4,UPI,2026-05-17
4594,372,8,2,UPI,2025-09-25
4595,37,14,1,Card,2025-01-28
4596,496,12,1,UPI,2024-08-15
4597,29,13,2,Card,2026-04-06
4598,998,2,1,Card,2024-12-26
4599,160,16,4,UPI,2025-10-11
4600,70,13,5,Cash,2026-03-18
4601,209,11,1,Cash,2024-10-17
4602,548,12,5,Card,2025-06-07
4603,54,1,3,Net Banking,2025-10-13
4604,416,1,3,Card,2025-01-27
4605,326,13,4,UPI,2025-05-29
4606,702,13,1,UPI,2025-12-07
4607,955,12,1,UPI,2025-10-04
4608,421,9,5,Card,2025-04-06
4609,963,4,3,Cash,2024-08-24
4610,552,15,4,Net Banking,2025-02-07
4611,97,3,5,Net Banking,2026-05-06
4612,849,1,4,Net Banking,2024-09-07
4613,99,12,3,Card,2025-09-12
4614,253,13,5,Net Banking,2025-02-22
4615,995,4,5,UPI,2026-05-05
4616,80,8,1,Card,2024-08-23
4617,800,7,2,Net Banking,2025-01-06
4618,373,4,4,UPI,2025-01-30
4619,326,9,5,Cash,2026-03-12
4620,444,11,4,Card,2025-01-21
4621,219,16,3,UPI,2025-02-10
4622,916,12,2,Net Banking,2026-04-30
4623,738,4,1,Net Banking,2024-07-19
4624,920,7,1,Net Banking,2024-12-27
4625,65,10,2,Card,2024-09-01
4626,684,5,4,Cash,2025-12-01
4627,443,13,4,Card,2025-08-27
4628,297,9,5,Net Banking,2025-03-06
4629,236,11,3,Cash,2024-10-11
4630,659,6,4,UPI,2025-08-09
4631,284,5,2,Net Banking,2025-01-26
4632,403,2,5,Cash,2026-05-08
4633,158,9,1,Cash,2026-02-17
4634,401,9,4,Cash,2025-06-21
4635,443,7,5,UPI,2024-11-14
4636,237,3,4,Cash,2026-05-19
4637,65,11,3,Cash,2025-07-04
4638,254,5,2,Card,2025-02-03
4639,262,11,4,Card,2026-06-06
4640,875,10,1,Net Banking,2024-12-07
4641,995,9,5,UPI,2025-02-07
4642,792,6,2,UPI,2025-01-22
4643,214,9,1,Cash,2026-04-30
4644,557,3,5,Cash,2026-02-15
4645,555,15,1,Card,2025-02-05
4646,17,13,3,UPI,2026-05-25
4647,735,11,4,Card,2024-10-08
4648,451,2,2,Net Banking,2024-09-26
4649,584,1,1,Net Banking,2024-08-06
4650,638,5,5,UPI,2024-11-09
4651,876,14,1,UPI,2024-11-08
4652,710,3,4,Net Banking,2026-06-21
4653,529,6,1,Net Banking,2025-07-03
4654,757,16,4,Net Banking,2026-03-07
4655,841,6,2,UPI,2024-08-19
4656,190,7,1,Cash,2025-11-06
4657,354,8,5,Net Banking,2024-08-14
4658,787,8,1,UPI,2025-12-22
4659,87,7,2,Cash,2025-06-23
4660,544,5,1,Net Banking,2026-03-08
4661,405,8,4,Cash,2026-04-24
4662,4,14,1,Card,2024-10-26
4663,960,9,4,Card,2026-03-01
4664,231,14,1,Net Banking,2025-11-03
4665,327,9,3,Cash,2024-12-04
4666,790,12,1,UPI,2025-05-10
4667,942,1,2,Cash,2025-06-01
4668,833,10,3,UPI,2025-08-31
4669,295,15,4,Card,2025-02-24
4670,808,9,2,Net Banking,2026-02-14
4671,404,2,4,Cash,2025-03-27
4672,207,8,3,Net Banking,2024-07-18
4673,183,11,3,Card,2025-08-14
4674,153,11,4,Card,2024-12-23
4675,591,12,3,UPI,2026-01-26
4676,865,8,1,Cash,2024-10-26
4677,439,5,4,Cash,2024-11-27
4678,242,5,4,UPI,2024-09-02
4679,897,1,3,Net Banking,2025-03-22
4680,341,14,4,Net Banking,2025-07-01
4681,354,13,1,UPI,2026-02-15
4682,12,11,1,Net Banking,2024-08-30
4683,868,5,5,Cash,2025-12-10
4684,30,16,5,UPI,2025-09-16
4685,570,1,2,Card,2025-07-07
4686,962,1,5,Cash,2024-10-23
4687,579,7,5,UPI,2024-07-18
4688,358,6,4,Net Banking,2024-09-20
4689,151,5,1,UPI,2025-03-17
4690,128,6,1,Cash,2024-07-24
4691,903,9,2,Card,2025-06-25
4692,602,14,3,UPI,2026-03-26
4693,351,9,2,Net Banking,2026-01-26
4694,283,9,4,Card,2026-02-24
4695,640,14,4,Cash,2024-09-11
4696,789,7,5,Card,2026-04-27
4697,837,8,4,Card,2025-11-21
4698,168,8,3,UPI,2025-06-20
4699,62,2,3,Card,2025-10-12
4700,860,3,3,Card,2024-11-21
4701,891,5,1,UPI,2025-08-18
4702,182,5,3,UPI,2025-09-06
4703,143,2,2,Card,2026-04-07
4704,50,16,3,UPI,2026-04-19
4705,117,6,3,Card,2026-06-20
4706,73,11,1,Cash,2025-08-29
4707,29,11,2,Net Banking,2025-04-08
4708,818,13,5,Net Banking,2024-10-10
4709,214,8,5,Cash,2025-12-12
4710,18,4,3,Net Banking,2025-06-09
4711,937,13,3,Card,2026-01-02
4712,904,3,4,UPI,2024-10-11
4713,921,15,4,Net Banking,2024-08-18
4714,36,2,3,Cash,2025-05-25
4715,290,3,4,UPI,2025-01-12
4716,90,1,5,Net Banking,2024-07-06
4717,667,16,3,Net Banking,2025-11-17
4718,587,7,5,Net Banking,2025-07-04
4719,213,2,3,Net Banking,2026-01-21
4720,921,13,5,Net Banking,2025-02-28
4721,847,12,5,UPI,2025-06-22
4722,230,13,3,Card,2025-08-29
4723,838,5,3,Card,2024-09-25
4724,681,14,3,UPI,2025-06-30
4725,577,4,2,Card,2024-09-09
4726,872,13,3,Cash,2024-08-19
4727,942,10,2,Card,2026-03-07
4728,12,13,4,UPI,2025-10-03
4729,960,14,4,Net Banking,2026-06-23
4730,878,3,4,Net Banking,2025-08-03
4731,980,5,5,Cash,2025-11-18
4732,890,3,5,Net Banking,2026-02-27
4733,562,12,3,Net Banking,2025-11-22
4734,874,11,1,UPI,2024-11-27
4735,968,14,2,UPI,2024-09-09
4736,586,8,2,UPI,2025-03-07
4737,672,12,1,Card,2024-11-23
4738,874,7,5,Cash,2026-03-02
4739,417,12,1,Cash,2025-10-10
4740,697,2,2,UPI,2026-02-10
4741,420,9,2,Card,2026-06-18
4742,309,15,5,Net Banking,2024-12-07
4743,116,5,5,Net Banking,2024-07-31
4744,789,10,2,Card,2026-02-05
4745,548,5,1,Cash,2026-04-26
4746,45,16,2,Net Banking,2024-12-03
4747,834,2,2,Net Banking,2025-08-29
4748,119,5,3,Card,2025-11-23
4749,320,1,2,Net Banking,2026-02-11
4750,937,7,2,UPI,2025-05-09
4751,123,8,2,Net Banking,2026-03-03
4752,562,15,1,Net Banking,2026-05-09
4753,165,3,5,UPI,2025-03-05
4754,805,4,5,Cash,2025-10-09
4755,441,8,4,UPI,2025-07-31
4756,258,2,5,Card,2025-06-26
4757,77,9,2,Cash,2026-05-13
4758,718,5,2,UPI,2026-03-02
4759,256,1,1,Cash,2026-03-17
4760,997,12,3,Cash,2025-12-08
4761,201,3,4,Net Banking,2025-06-18
4762,643,14,2,Cash,2026-06-20
4763,106,10,5,Net Banking,2025-01-17
4764,153,3,2,Cash,2025-02-26
4765,850,16,5,Cash,2025-11-12
4766,184,15,2,Card,2025-01-26
4767,632,16,3,Cash,2025-01-24
4768,649,16,2,UPI,2025-11-25
4769,884,7,4,Cash,2025-01-23
4770,579,15,2,Net Banking,2026-03-15
4771,902,13,5,Cash,2026-02-25
4772,542,6,5,UPI,2026-05-28
4773,757,14,4,Card,2025-01-18
4774,489,7,4,Card,2025-10-08
4775,266,6,1,Cash,2026-04-09
4776,121,2,5,Net Banking,2025-06-23
4777,737,10,1,Card,2025-08-31
4778,362,11,3,Card,2025-09-27
4779,855,2,1,Cash,2024-11-02
4780,337,8,5,Card,2024-10-10
4781,446,6,4,Card,2025-02-16
4782,246,6,2,Card,2024-07-20
4783,722,1,1,UPI,2024-11-28
4784,312,15,1,Cash,2026-02-19
4785,233,5,1,Cash,2025-04-12
4786,458,16,1,Card,2026-04-02
4787,642,6,4,UPI,2025-06-22
4788,439,15,3,Net Banking,2024-11-08
4789,120,2,3,Net Banking,2024-07-20
4790,327,9,5,UPI,2025-02-14
4791,399,8,5,Cash,2026-06-05
4792,740,9,1,Net Banking,2026-03-18
4793,236,1,4,Cash,2025-12-10
4794,189,7,2,Cash,2026-02-23
4795,5,13,1,UPI,2024-09-04
4796,181,4,5,Net Banking,2024-10-30
4797,983,12,3,Cash,2026-01-22
4798,318,3,2,Net Banking,2024-11-10
4799,590,7,4,Card,2026-06-21
4800,974,8,4,UPI,2024-09-13
4801,454,4,3,Net Banking,2025-06-17
4802,867,4,5,Cash,2025-04-10
4803,41,2,3,Net Banking,2025-06-17
4804,908,8,3,UPI,2026-01-20
4805,467,16,4,UPI,2024-11-08
4806,963,11,5,Card,2025-03-26
4807,363,13,1,UPI,2024-10-18
4808,59,12,3,Card,2025-05-22
4809,281,4,1,Cash,2025-10-08
4810,818,11,5,UPI,2025-03-31
4811,646,8,5,Card,2025-07-28
4812,363,8,5,Cash,2024-12-05
4813,364,8,3,Card,2025-05-22
4814,480,16,5,UPI,2024-10-27
4815,50,1,2,Net Banking,2025-05-17
4816,637,11,4,Cash,2026-04-26
4817,474,8,2,Cash,2025-11-07
4818,604,9,2,UPI,2024-09-11
4819,773,3,2,UPI,2025-03-01
4820,356,9,5,Card,2025-11-14
4821,359,2,2,Net Banking,2025-10-08
4822,285,8,4,UPI,2025-11-17
4823,739,13,4,Card,2025-08-14
4824,874,2,4,Net Banking,2026-02-12
4825,460,6,4,UPI,2024-07-13
4826,888,11,5,UPI,2024-07-01
4827,409,7,2,Cash,2026-03-20
4828,92,10,2,Net Banking,2024-08-15
4829,95,1,2,Cash,2025-12-29
4830,812,15,2,UPI,2025-02-12
4831,95,8,4,Card,2025-09-07
4832,733,7,1,Card,2026-05-18
4833,407,8,3,UPI,2025-08-07
4834,729,15,5,Net Banking,2025-11-18
4835,297,13,3,Cash,2025-03-08
4836,805,4,2,Card,2025-08-03
4837,66,5,1,Net Banking,2024-09-24
4838,885,9,5,Net Banking,2024-11-18
4839,315,13,2,UPI,2025-02-13
4840,888,7,5,UPI,2025-02-14
4841,71,2,3,Net Banking,2025-11-15
4842,639,13,5,Card,2026-03-29
4843,269,5,2,UPI,2025-12-31
4844,81,6,2,UPI,2024-09-01
4845,535,6,1,UPI,2025-11-15
4846,193,4,5,UPI,2026-01-09
4847,149,13,3,Net Banking,2025-10-06
4848,614,14,5,Card,2025-09-08
4849,783,16,2,UPI,2024-07-06
4850,373,12,3,UPI,2026-05-07
4851,720,14,3,Net Banking,2025-12-17
4852,353,10,5,UPI,2025-05-08
4853,896,5,3,Card,2025-08-01
4854,765,12,2,Net Banking,2024-11-17
4855,197,12,2,Net Banking,2025-09-15
4856,843,2,1,Net Banking,2025-02-12
4857,746,1,1,Net Banking,2025-06-15
4858,798,15,1,Card,2026-01-01
4859,845,4,2,Cash,2025-11-29
4860,663,16,3,Cash,2024-09-03
4861,551,10,3,Card,2025-04-20
4862,906,13,2,UPI,2025-09-16
4863,94,13,4,Net Banking,2026-04-04
4864,611,1,5,Card,2026-02-25
4865,387,16,1,Cash,2025-04-05
4866,468,16,2,Card,2025-10-03
4867,371,15,1,Net Banking,2026-06-25
4868,169,2,4,UPI,2025-01-06
4869,511,11,3,UPI,2026-02-09
4870,82,6,3,Cash,2024-09-09
4871,482,10,3,Cash,2025-08-20
4872,256,11,2,Net Banking,2025-12-22
4873,374,5,4,Card,2024-10-09
4874,355,7,2,Net Banking,2025-03-31
4875,771,9,1,Net Banking,2025-07-12
4876,438,4,5,Card,2025-10-08
4877,295,7,5,UPI,2024-07-05
4878,854,6,5,UPI,2025-03-06
4879,815,2,1,Card,2026-06-03
4880,218,11,5,Cash,2025-06-21
4881,316,5,5,Cash,2025-08-08
4882,869,1,3,Cash,2026-04-05
4883,384,6,5,Card,2026-04-16
4884,49,7,1,Cash,2024-07-10
4885,795,5,5,UPI,2024-12-18
4886,778,13,2,Net Banking,2025-06-19
4887,452,6,3,Cash,2026-01-06
4888,754,13,4,UPI,2024-09-04
4889,404,1,2,Net Banking,2025-02-23
4890,353,5,3,UPI,2026-04-15
4891,500,1,2,Cash,2026-03-08
4892,827,6,1,Card,2025-07-23
4893,540,7,2,Cash,2025-09-08
4894,44,8,4,Cash,2024-10-28
4895,782,3,2,Net Banking,2026-04-16
4896,418,3,4,UPI,2024-10-03
4897,114,11,4,Net Banking,2025-06-25
4898,358,6,2,Card,2025-02-09
4899,918,15,1,Cash,2024-10-02
4900,105,12,2,Net Banking,2025-06-19
4901,20,10,5,Cash,2025-03-26
4902,521,4,1,UPI,2025-02-02
4903,605,12,1,Net Banking,2025-06-05
4904,321,9,2,Card,2025-12-14
4905,699,15,2,Cash,2025-11-24
4906,596,16,4,Card,2025-03-31
4907,520,9,3,Cash,2024-10-03
4908,512,4,3,Net Banking,2026-04-18
4909,234,14,5,Net Banking,2024-10-05
4910,736,16,5,Cash,2025-06-12
4911,195,1,1,Card,2025-04-18
4912,947,2,2,Card,2025-08-06
4913,349,4,4,Cash,2026-01-12
4914,7,2,5,UPI,2025-02-01
4915,570,16,4,Net Banking,2025-04-16
4916,949,6,4,Cash,2026-03-06
4917,239,8,4,UPI,2025-05-20
4918,56,13,2,Cash,2026-04-02
4919,995,7,3,Card,2026-05-22
4920,794,12,4,Cash,2025-02-09
4921,926,11,4,UPI,2026-02-10
4922,345,7,4,Cash,2026-04-30
4923,765,7,1,Net Banking,2025-12-30
4924,54,6,1,UPI,2026-01-10
4925,507,13,3,Card,2024-09-23
4926,960,15,1,Card,2024-07-14
4927,15,9,4,Net Banking,2024-11-23
4928,130,10,2,UPI,2025-05-05
4929,654,10,1,Cash,2026-03-30
4930,463,14,4,Cash,2025-07-29
4931,579,4,1,UPI,2024-07-27
4932,682,5,4,UPI,2025-09-08
4933,837,12,5,Net Banking,2025-12-31
4934,250,9,1,Card,2026-05-03
4935,593,14,4,Card,2025-10-12
4936,704,3,4,Card,2024-10-31
4937,14,16,5,UPI,2025-12-11
4938,828,5,3,UPI,2025-12-31
4939,803,7,5,Net Banking,2025-12-27
4940,737,11,5,UPI,2025-05-03
4941,859,5,2,Card,2025-08-10
4942,781,10,3,Cash,2025-12-08
4943,980,2,4,Net Banking,2026-01-21
4944,280,13,5,UPI,2026-01-07
4945,260,7,3,UPI,2024-07-24
4946,165,16,2,Card,2024-12-24
4947,683,5,1,UPI,2025-12-08
4948,103,14,1,UPI,2025-01-06
4949,350,14,4,UPI,2025-09-11
4950,577,7,3,Cash,2025-10-30
4951,99,3,3,Net Banking,2024-07-19
4952,64,5,3,Cash,2025-12-20
4953,321,9,4,Card,2026-04-02
4954,523,10,2,Net Banking,2025-05-15
4955,74,15,1,Net Banking,2026-05-07
4956,325,4,2,Cash,2024-09-04
4957,406,3,3,Cash,2025-06-02
4958,745,16,4,Card,2025-11-10
4959,636,9,4,Card,2026-04-04
4960,318,14,1,Cash,2025-12-03
4961,315,10,5,UPI,2024-10-09
4962,977,3,4,Card,2025-03-27
4963,293,8,4,Cash,2024-11-17
4964,528,16,3,UPI,2026-03-31
4965,952,16,5,Card,2026-05-14
4966,644,9,5,Cash,2026-02-20
4967,671,3,5,Net Banking,2026-06-07
4968,233,11,3,Net Banking,2026-02-28
4969,947,9,1,Net Banking,2025-02-08
4970,670,16,1,Card,2024-11-25
4971,445,7,4,Net Banking,2024-12-20
4972,526,6,4,UPI,2026-03-11
4973,831,5,3,Net Banking,2026-02-17
4974,440,5,1,Cash,2024-07-02
4975,74,11,3,Cash,2025-08-23
4976,473,4,2,Cash,2026-01-21
4977,787,16,2,Net Banking,2025-10-22
4978,655,6,2,Net Banking,2026-03-01
4979,879,9,1,UPI,2024-11-07
4980,163,8,3,Net Banking,2025-09-07
4981,452,14,4,Net Banking,2025-06-01
4982,618,15,3,Net Banking,2025-09-03
4983,9,9,4,Net Banking,2025-06-10
4984,846,13,2,Net Banking,2024-11-12
4985,769,2,1,Card,2025-08-09
4986,567,12,2,UPI,2026-04-16
4987,892,7,3,Cash,2024-07-16
4988,448,7,2,Net Banking,2025-12-09
4989,843,13,4,Card,2024-07-03
4990,846,3,5,Net Banking,2025-05-31
4991,721,8,4,Card,2025-10-05
4992,552,6,4,Net Banking,2026-01-07
4993,289,12,1,Net Banking,2025-05-28
4994,487,3,1,Net Banking,2025-05-24
4995,399,14,5,Cash,2026-05-02
4996,800,10,2,UPI,2025-11-18
4997,391,4,3,UPI,2025-11-19
4998,789,11,2,UPI,2026-01-07
4999,444,10,4,Net Banking,2026-03-23
5000,142,1,2,UPI,2025-01-18
